game_id,season,game_type,week,gameday,weekday,gametime,away_team,away_score,home_team,home_score,location,result,total,overtime,old_game_id,gsis,nfl_detail_id,pfr,pff,espn,ftn,away_rest,home_rest,away_moneyline,home_moneyline,spread_line,away_spread_odds,home_spread_odds,total_line,under_odds,over_odds,div_game,roof,surface,temp,wind,away_qb_id,home_qb_id,away_qb_name,home_qb_name,away_coach,home_coach,referee,stadium_id,stadium
2026_01_NE_SEA,2026,REG,1,2026-09-09,Wednesday,20:20,NE,,SEA,,Home,,,,2026090900,,,202609090sea,,,,7,7,170.0,-205.0,3.5,-105.0,-115.0,44.5,-110.0,-110.0,0,outdoors,fieldturf,,,,,,,Mike Vrabel,Mike Macdonald,,SEA00,Lumen Field
2026_01_SF_LA,2026,REG,1,2026-09-10,Thursday,20:35,SF,,LA,,Neutral,,,,2026091000,,,202609100ram,,,,7,7,130.0,-155.0,2.5,100.0,-120.0,48.5,-110.0,-110.0,1,dome,matrixturf,,,,,,,Kyle Shanahan,Sean McVay,,LAX01,Melbourne Cricket Ground
2026_01_CHI_CAR,2026,REG,1,2026-09-13,Sunday,13:00,CHI,,CAR,,Home,,,,2026091300,,,202609130car,,,,7,7,-135.0,114.0,-2.5,-110.0,-110.0,44.5,-110.0,-110.0,0,outdoors,grass,,,,,,,Ben Johnson,Dave Canales,,CAR00,Bank of America Stadium
2026_01_TB_CIN,2026,REG,1,2026-09-13,Sunday,13:00,TB,,CIN,,Home,,,,2026091301,,,202609130cin,,,,7,7,164.0,-198.0,3.5,-110.0,-110.0,50.5,-105.0,-115.0,0,outdoors,fieldturf,,,,,,,Todd Bowles,Zac Taylor,,CIN00,Paycor Stadium
2026_01_NO_DET,2026,REG,1,2026-09-13,Sunday,13:00,NO,,DET,,Home,,,,2026091302,,,202609130det,,,,7,7,260.0,-325.0,7.0,-110.0,-110.0,48.5,-105.0,-115.0,0,dome,fieldturf,,,,,,,Kellen Moore,Dan Campbell,,DET00,Ford Field
2026_01_BUF_HOU,2026,REG,1,2026-09-13,Sunday,13:00,BUF,,HOU,,Home,,,,2026091303,,,202609130htx,,,,7,7,-112.0,-108.0,-1.5,100.0,-120.0,45.5,-115.0,-105.0,0,,astroturf,,,,,,,Sean McDermott,DeMeco Ryans,,HOU00,Reliant Stadium
2026_01_BAL_IND,2026,REG,1,2026-09-13,Sunday,13:00,BAL,,IND,,Home,,,,2026091304,,,202609130clt,,,,7,7,-192.0,160.0,-3.5,-110.0,-110.0,49.5,-110.0,-110.0,0,,fieldturf,,,,,,,Jesse Minter,Shane Steichen,,IND00,Lucas Oil Stadium
2026_01_CLE_JAX,2026,REG,1,2026-09-13,Sunday,13:00,CLE,,JAX,,Home,,,,2026091305,,,202609130jax,,,,7,7,240.0,-298.0,7.0,-110.0,-110.0,40.5,-110.0,-110.0,0,outdoors,grass,,,,,,,Todd Monken,Liam Coen,,JAX00,EverBank Stadium
2026_01_ATL_PIT,2026,REG,1,2026-09-13,Sunday,13:00,ATL,,PIT,,Home,,,,2026091306,,,202609130pit,,,,7,7,145.0,-175.0,3.0,100.0,-120.0,42.5,-110.0,-110.0,0,outdoors,grass,,,,,,,Raheem Morris,Mike McCarthy,,PIT00,Acrisure Stadium
2026_01_NYJ_TEN,2026,REG,1,2026-09-13,Sunday,13:00,NYJ,,TEN,,Home,,,,2026091307,,,202609130oti,,,,7,7,140.0,-166.0,3.0,-105.0,-115.0,39.5,-110.0,-110.0,0,outdoors,grass,,,,,,,Aaron Glenn,Robert Saleh,,NAS00,Nissan Stadium
2026_01_ARI_LAC,2026,REG,1,2026-09-13,Sunday,16:25,ARI,,LAC,,Home,,,,2026091308,,,202609130sdg,,,,7,7,455.0,-625.0,11.5,-110.0,-110.0,45.5,-110.0,-110.0,0,dome,matrixturf,,,,,,,Jonathan Gannon,Jim Harbaugh,,LAX01,SoFi Stadium
2026_01_MIA_LV,2026,REG,1,2026-09-13,Sunday,16:25,MIA,,LV,,Home,,,,2026091309,,,202609130rai,,,,7,7,145.0,-175.0,3.0,100.0,-120.0,41.5,-110.0,-110.0,0,dome,grass,,,,,,,Jeff Hafley,Klint Kubliak,,VEG00,Allegiant Stadium
2026_01_GB_MIN,2026,REG,1,2026-09-13,Sunday,16:25,GB,,MIN,,Home,,,,2026091310,,,202609130min,,,,7,7,-125.0,105.0,-1.5,-110.0,-110.0,44.5,-110.0,-110.0,1,dome,sportturf,,,,,,,Matt LaFleur,Kevin O'Connell,,MIN01,U.S. Bank Stadium
2026_01_WAS_PHI,2026,REG,1,2026-09-13,Sunday,16:25,WAS,,PHI,,Home,,,,2026091311,,,202609130phi,,,,7,7,195.0,-238.0,5.5,-110.0,-110.0,46.5,-110.0,-110.0,1,outdoors,grass,,,,,,,Dan Quinn,Nick Sirianni,,PHI00,Lincoln Financial Field
2026_01_DAL_NYG,2026,REG,1,2026-09-13,Sunday,20:20,DAL,,NYG,,Home,,,,2026091312,,,202609130nyg,,,,7,7,-130.0,110.0,-2.5,-105.0,-115.0,48.5,-110.0,-110.0,1,outdoors,fieldturf,,,,,,,Brian Schottenheimer,John Harbaugh,,NYC01,MetLife Stadium
2026_01_DEN_KC,2026,REG,1,2026-09-14,Monday,20:15,DEN,,KC,,Home,,,,2026091400,,,202609140kan,,,,7,7,130.0,-155.0,2.5,100.0,-120.0,42.5,-110.0,-110.0,1,outdoors,grass,,,,,,,Sean Payton,Andy Reid,,KAN00,GEHA Field at Arrowhead Stadium
2026_02_DET_BUF,2026,REG,2,2026-09-17,Thursday,20:15,DET,,BUF,,Home,,,,2026091700,,,202609170buf,,,,4,4,136.0,-162.0,3.0,-110.0,-110.0,52.5,-110.0,-110.0,0,outdoors,a_turf,,,,,,,Dan Campbell,Sean McDermott,,BUF00,Highmark Stadium
2026_02_CAR_ATL,2026,REG,2,2026-09-20,Sunday,13:00,CAR,,ATL,,Home,,,,2026092000,,,202609200atl,,,,7,7,100.0,-120.0,1.5,-115.0,-105.0,43.5,-110.0,-110.0,1,,fieldturf,,,,,,,Dave Canales,Raheem Morris,,ATL97,Mercedes-Benz Stadium
2026_02_NO_BAL,2026,REG,2,2026-09-20,Sunday,13:00,NO,,BAL,,Home,,,,2026092001,,,202609200rav,,,,7,7,295.0,-375.0,7.5,-110.0,-110.0,46.5,-110.0,-110.0,0,outdoors,grass,,,,,,,Kellen Moore,Jesse Minter,,BAL00,M&T Bank Stadium
2026_02_MIN_CHI,2026,REG,2,2026-09-20,Sunday,13:00,MIN,,CHI,,Home,,,,2026092002,,,202609200chi,,,,7,7,154.0,-185.0,3.5,-115.0,-105.0,45.5,-110.0,-110.0,1,outdoors,grass,,,,,,,Kevin O'Connell,Ben Johnson,,CHI98,Soldier Field
2026_02_CIN_HOU,2026,REG,2,2026-09-20,Sunday,13:00,CIN,,HOU,,Home,,,,2026092003,,,202609200htx,,,,7,7,114.0,-135.0,2.5,-110.0,-110.0,46.5,-110.0,-110.0,0,,astroturf,,,,,,,Zac Taylor,DeMeco Ryans,,HOU00,Reliant Stadium
2026_02_PIT_NE,2026,REG,2,2026-09-20,Sunday,13:00,PIT,,NE,,Home,,,,2026092004,,,202609200nwe,,,,7,11,190.0,-230.0,4.5,-110.0,-110.0,43.5,-110.0,-110.0,0,outdoors,fieldturf,,,,,,,Mike McCarthy,Mike Vrabel,,BOS00,Gillette Stadium
2026_02_GB_NYJ,2026,REG,2,2026-09-20,Sunday,13:00,GB,,NYJ,,Home,,,,2026092005,,,202609200nyj,,,,7,7,-285.0,230.0,-6.5,-110.0,-110.0,42.5,-110.0,-110.0,0,outdoors,fieldturf,,,,,,,Matt LaFleur,Aaron Glenn,,NYC01,MetLife Stadium
2026_02_CLE_TB,2026,REG,2,2026-09-20,Sunday,13:00,CLE,,TB,,Home,,,,2026092006,,,202609200tam,,,,7,7,195.0,-238.0,5.5,-110.0,-110.0,41.5,-110.0,-110.0,0,outdoors,grass,,,,,,,Todd Monken,Todd Bowles,,TAM00,Raymond James Stadium
2026_02_PHI_TEN,2026,REG,2,2026-09-20,Sunday,13:00,PHI,,TEN,,Home,,,,2026092007,,,202609200oti,,,,7,7,-218.0,180.0,-4.5,-110.0,-110.0,42.5,-110.0,-110.0,0,outdoors,grass,,,,,,,Nick Sirianni,Robert Saleh,,NAS00,Nissan Stadium
2026_02_JAX_DEN,2026,REG,2,2026-09-20,Sunday,16:05,JAX,,DEN,,Home,,,,2026092008,,,202609200den,,,,7,6,124.0,-148.0,3.0,-115.0,-105.0,43.5,-110.0,-110.0,0,outdoors,grass,,,,,,,Liam Coen,Sean Payton,,DEN00,Empower Field at Mile High
2026_02_LV_LAC,2026,REG,2,2026-09-20,Sunday,16:05,LV,,LAC,,Home,,,,2026092009,,,202609200sdg,,,,7,7,330.0,-425.0,8.5,-110.0,-110.0,42.5,-110.0,-110.0,1,dome,matrixturf,,,,,,,Klint Kubliak,Jim Harbaugh,,LAX01,SoFi Stadium
2026_02_SEA_ARI,2026,REG,2,2026-09-20,Sunday,16:25,SEA,,ARI,,Home,,,,2026092010,,,202609200crd,,,,11,7,-520.0,390.0,-10.0,-110.0,-110.0,44.5,-110.0,-110.0,1,,grass,,,,,,,Mike Macdonald,Jonathan Gannon,,PHO00,State Farm Stadium
2026_02_WAS_DAL,2026,REG,2,2026-09-20,Sunday,16:25,WAS,,DAL,,Home,,,,2026092011,,,202609200dal,,,,7,7,170.0,-205.0,4.5,-115.0,-105.0,51.5,-110.0,-110.0,1,,matrixturf,,,,,,,Dan Quinn,Brian Schottenheimer,,DAL00,AT&T Stadium
2026_02_MIA_SF,2026,REG,2,2026-09-20,Sunday,16:25,MIA,,SF,,Home,,,,2026092012,,,202609200sfo,,,,7,10,410.0,-550.0,10.5,-110.0,-110.0,46.5,-110.0,-110.0,0,outdoors,grass,,,,,,,Jeff Hafley,Kyle Shanahan,,SFO01,Levi's Stadium
2026_02_IND_KC,2026,REG,2,2026-09-20,Sunday,20:20,IND,,KC,,Home,,,,2026092013,,,202609200kan,,,,7,6,205.0,-250.0,5.5,-110.0,-110.0,47.5,-110.0,-110.0,0,outdoors,grass,,,,,,,Shane Steichen,Andy Reid,,KAN00,GEHA Field at Arrowhead Stadium
2026_02_NYG_LA,2026,REG,2,2026-09-21,Monday,20:15,NYG,,LA,,Home,,,,2026092100,,,202609210ram,,,,8,11,295.0,-375.0,8.5,-110.0,-110.0,47.5,-110.0,-110.0,0,dome,matrixturf,,,,,,,John Harbaugh,Sean McVay,,LAX01,SoFi Stadium
2026_03_ATL_GB,2026,REG,3,2026-09-24,Thursday,20:15,ATL,,GB,,Home,,,,2026092400,,,202609240gnb,,,,4,4,285.0,-360.0,7.5,-110.0,-110.0,46.5,-110.0,-110.0,0,outdoors,grass,,,,,,,Raheem Morris,Matt LaFleur,,GNB00,Lambeau Field
2026_03_LAC_BUF,2026,REG,3,2026-09-27,Sunday,13:00,LAC,,BUF,,Home,,,,2026092700,,,202609270buf,,,,7,10,114.0,-135.0,2.5,-110.0,-110.0,48.5,-110.0,-110.0,0,outdoors,a_turf,,,,,,,Jim Harbaugh,Sean McDermott,,BUF00,Highmark Stadium
2026_03_CAR_CLE,2026,REG,3,2026-09-27,Sunday,13:00,CAR,,CLE,,Home,,,,2026092701,,,202609270cle,,,,7,7,-118.0,-102.0,-1.5,-105.0,-115.0,39.5,-110.0,-110.0,0,outdoors,grass,,,,,,,Dave Canales,Todd Monken,,CLE00,Huntington Bank Field
2026_03_NYJ_DET,2026,REG,3,2026-09-27,Sunday,13:00,NYJ,,DET,,Home,,,,2026092702,,,202609270det,,,,7,10,360.0,-470.0,9.5,-110.0,-110.0,45.5,-110.0,-110.0,0,dome,fieldturf,,,,,,,Aaron Glenn,Dan Campbell,,DET00,Ford Field
2026_03_HOU_IND,2026,REG,3,2026-09-27,Sunday,13:00,HOU,,IND,,Home,,,,2026092703,,,202609270clt,,,,7,7,-130.0,110.0,-2.5,-105.0,-115.0,45.5,-110.0,-110.0,1,,fieldturf,,,,,,,DeMeco Ryans,Shane Steichen,,IND00,Lucas Oil Stadium
2026_03_NE_JAX,2026,REG,3,2026-09-27,Sunday,13:00,NE,,JAX,,Home,,,,2026092704,,,202609270jax,,,,7,7,-102.0,-118.0,1.5,-115.0,-105.0,45.5,-110.0,-110.0,0,outdoors,grass,,,,,,,Mike Vrabel,Liam Coen,,JAX00,EverBank Stadium
2026_03_KC_MIA,2026,REG,3,2026-09-27,Sunday,13:00,KC,,MIA,,Home,,,,2026092705,,,202609270mia,,,,7,7,-340.0,270.0,-7.0,-115.0,-105.0,44.5,-110.0,-110.0,0,outdoors,grass,,,,,,,Andy Reid,Jeff Hafley,,MIA00,Hard Rock Stadium
2026_03_TEN_NYG,2026,REG,3,2026-09-27,Sunday,13:00,TEN,,NYG,,Home,,,,2026092706,,,202609270nyg,,,,7,6,150.0,-180.0,3.0,100.0,-120.0,45.5,-110.0,-110.0,0,outdoors,fieldturf,,,,,,,Robert Saleh,John Harbaugh,,NYC01,MetLife Stadium
2026_03_CIN_PIT,2026,REG,3,2026-09-27,Sunday,13:00,CIN,,PIT,,Home,,,,2026092707,,,202609270pit,,,,7,7,-115.0,-105.0,-1.5,100.0,-120.0,47.5,-110.0,-110.0,1,outdoors,grass,,,,,,,Zac Taylor,Mike McCarthy,,PIT00,Acrisure Stadium
2026_03_SEA_WAS,2026,REG,3,2026-09-27,Sunday,13:00,SEA,,WAS,,Home,,,,2026092708,,,202609270was,,,,7,7,-198.0,164.0,-3.5,-110.0,-110.0,46.5,-110.0,-110.0,0,outdoors,grass,,,,,,,Mike Macdonald,Dan Quinn,,WAS00,Northwest Stadium
2026_03_ARI_SF,2026,REG,3,2026-09-27,Sunday,16:05,ARI,,SF,,Home,,,,2026092709,,,202609270sfo,,,,7,7,470.0,-650.0,11.5,-110.0,-110.0,46.5,-110.0,-110.0,1,outdoors,grass,,,,,,,Jonathan Gannon,Kyle Shanahan,,SFO01,Levi's Stadium
2026_03_MIN_TB,2026,REG,3,2026-09-27,Sunday,16:05,MIN,,TB,,Home,,,,2026092710,,,202609270tam,,,,7,7,105.0,-125.0,1.5,-110.0,-110.0,44.5,-110.0,-110.0,0,outdoors,grass,,,,,,,Kevin O'Connell,Todd Bowles,,TAM00,Raymond James Stadium
2026_03_BAL_DAL,2026,REG,3,2026-09-27,Sunday,16:25,BAL,,DAL,,Neutral,,,,2026092711,,,202609270dal,,,,7,7,-135.0,114.0,-2.5,-110.0,-110.0,51.5,-110.0,-110.0,0,,matrixturf,,,,,,,Jesse Minter,Brian Schottenheimer,,DAL00,Maracana Stadium
2026_03_LV_NO,2026,REG,3,2026-09-27,Sunday,16:25,LV,,NO,,Home,,,,2026092712,,,202609270nor,,,,7,7,140.0,-166.0,3.0,-110.0,-110.0,42.5,-110.0,-110.0,0,dome,sportturf,,,,,,,Klint Kubliak,Kellen Moore,,NOR00,Caesars Superdome
2026_03_LA_DEN,2026,REG,3,2026-09-27,Sunday,20:20,LA,,DEN,,Home,,,,2026092713,,,202609270den,,,,6,7,-142.0,120.0,-2.5,-115.0,-105.0,45.5,-110.0,-110.0,0,outdoors,grass,,,,,,,Sean McVay,Sean Payton,,DEN00,Empower Field at Mile High
2026_03_PHI_CHI,2026,REG,3,2026-09-28,Monday,20:15,PHI,,CHI,,Home,,,,2026092800,,,202609280chi,,,,8,8,100.0,-120.0,1.5,-115.0,-105.0,46.5,-110.0,-110.0,0,outdoors,grass,,,,,,,Nick Sirianni,Ben Johnson,,CHI98,Soldier Field
2026_04_PIT_CLE,2026,REG,4,2026-10-01,Thursday,20:15,PIT,,CLE,,Home,,,,2026100100,,,202610010cle,,,,4,4,-135.0,114.0,-2.5,-110.0,-110.0,40.5,-110.0,-110.0,1,outdoors,grass,,,,,,,Mike McCarthy,Todd Monken,,CLE00,Huntington Bank Field
2026_04_IND_WAS,2026,REG,4,2026-10-04,Sunday,09:30,IND,,WAS,,Neutral,,,,2026100400,,,202610040was,,,,7,7,-108.0,-112.0,1.5,-122.0,102.0,48.5,-110.0,-110.0,0,outdoors,grass,,,,,,,Shane Steichen,Dan Quinn,,WAS00,Tottenham Hotspur Stadium
2026_04_TEN_BAL,2026,REG,4,2026-10-04,Sunday,13:00,TEN,,BAL,,Home,,,,2026100401,,,202610040rav,,,,7,7,310.0,-395.0,8.5,-110.0,-110.0,47.5,-110.0,-110.0,0,outdoors,grass,,,,,,,Robert Saleh,Jesse Minter,,BAL00,M&T Bank Stadium
2026_04_NE_BUF,2026,REG,4,2026-10-04,Sunday,13:00,NE,,BUF,,Home,,,,2026100402,,,202610040buf,,,,7,7,136.0,-162.0,3.0,-110.0,-110.0,49.5,-110.0,-110.0,1,outdoors,a_turf,,,,,,,Mike Vrabel,Sean McDermott,,BUF00,Highmark Stadium
2026_04_NYJ_CHI,2026,REG,4,2026-10-04,Sunday,13:00,NYJ,,CHI,,Home,,,,2026100403,,,202610040chi,,,,7,6,300.0,-380.0,8.5,-110.0,-110.0,45.5,-110.0,-110.0,0,outdoors,grass,,,,,,,Aaron Glenn,Ben Johnson,,CHI98,Soldier Field
2026_04_JAX_CIN,2026,REG,4,2026-10-04,Sunday,13:00,JAX,,CIN,,Home,,,,2026100404,,,202610040cin,,,,7,7,120.0,-142.0,2.5,-110.0,-110.0,51.5,-110.0,-110.0,0,outdoors,fieldturf,,,,,,,Liam Coen,Zac Taylor,,CIN00,Paycor Stadium
2026_04_DAL_HOU,2026,REG,4,2026-10-04,Sunday,13:00,DAL,,HOU,,Home,,,,2026100405,,,202610040htx,,,,7,7,114.0,-135.0,2.5,-110.0,-110.0,47.5,-110.0,-110.0,0,,astroturf,,,,,,,Brian Schottenheimer,DeMeco Ryans,,HOU00,Reliant Stadium
2026_04_ARI_NYG,2026,REG,4,2026-10-04,Sunday,13:00,ARI,,NYG,,Home,,,,2026100406,,,202610040nyg,,,,7,7,260.0,-325.0,7.0,-110.0,-110.0,45.5,-110.0,-110.0,0,outdoors,fieldturf,,,,,,,Jonathan Gannon,John Harbaugh,,NYC01,MetLife Stadium
2026_04_LA_PHI,2026,REG,4,2026-10-04,Sunday,13:00,LA,,PHI,,Home,,,,2026100407,,,202610040phi,,,,7,6,-118.0,-102.0,-1.5,-105.0,-115.0,47.5,-110.0,-110.0,0,outdoors,grass,,,,,,,Sean McVay,Nick Sirianni,,PHI00,Lincoln Financial Field
2026_04_GB_TB,2026,REG,4,2026-10-04,Sunday,13:00,GB,,TB,,Home,,,,2026100408,,,202610040tam,,,,10,7,-125.0,105.0,-1.5,-110.0,-110.0,47.5,-110.0,-110.0,0,outdoors,grass,,,,,,,Matt LaFleur,Todd Bowles,,TAM00,Raymond James Stadium
2026_04_MIA_MIN,2026,REG,4,2026-10-04,Sunday,16:05,MIA,,MIN,,Home,,,,2026100409,,,202610040min,,,,7,7,295.0,-375.0,7.5,-110.0,-110.0,43.5,-110.0,-110.0,0,dome,sportturf,,,,,,,Jeff Hafley,Kevin O'Connell,,MIN01,U.S. Bank Stadium
2026_04_KC_LV,2026,REG,4,2026-10-04,Sunday,16:25,KC,,LV,,Home,,,,2026100410,,,202610040rai,,,,7,7,-250.0,205.0,-5.5,-110.0,-110.0,43.5,-110.0,-110.0,1,dome,grass,,,,,,,Andy Reid,Klint Kubliak,,VEG00,Allegiant Stadium
2026_04_LAC_SEA,2026,REG,4,2026-10-04,Sunday,16:25,LAC,,SEA,,Home,,,,2026100411,,,202610040sea,,,,7,7,136.0,-162.0,3.0,-110.0,-110.0,45.5,-110.0,-110.0,0,outdoors,fieldturf,,,,,,,Jim Harbaugh,Mike Macdonald,,SEA00,Lumen Field
2026_04_DEN_SF,2026,REG,4,2026-10-04,Sunday,16:25,DEN,,SF,,Home,,,,2026100412,,,202610040sfo,,,,7,7,114.0,-135.0,2.5,-110.0,-110.0,46.5,-110.0,-110.0,0,outdoors,grass,,,,,,,Sean Payton,Kyle Shanahan,,SFO01,Levi's Stadium
2026_04_DET_CAR,2026,REG,4,2026-10-04,Sunday,20:20,DET,,CAR,,Home,,,,2026100413,,,202610040car,,,,7,7,-155.0,130.0,-3.0,-110.0,-110.0,47.5,-110.0,-110.0,0,outdoors,grass,,,,,,,Dan Campbell,Dave Canales,,CAR00,Bank of America Stadium
2026_04_ATL_NO,2026,REG,4,2026-10-05,Monday,20:15,ATL,,NO,,Home,,,,2026100500,,,202610050nor,,,,11,8,114.0,-135.0,2.5,-110.0,-110.0,45.5,-110.0,-110.0,1,dome,sportturf,,,,,,,Raheem Morris,Kellen Moore,,NOR00,Caesars Superdome
2026_05_TB_DAL,2026,REG,5,2026-10-08,Thursday,20:15,TB,,DAL,,Home,,,,2026100800,,,202610080dal,,,,4,4,170.0,-205.0,3.5,-110.0,-110.0,52.5,-110.0,-110.0,0,,matrixturf,,,,,,,Todd Bowles,Brian Schottenheimer,,DAL00,AT&T Stadium
2026_05_PHI_JAX,2026,REG,5,2026-10-11,Sunday,09:30,PHI,,JAX,,Home,,,,2026101100,,,202610110jax,,,,7,7,-130.0,110.0,-2.5,-105.0,-115.0,44.5,-118.0,-102.0,0,outdoors,grass,,,,,,,Nick Sirianni,Liam Coen,,JAX00,Tottenham Hotspur Stadium
2026_05_CIN_MIA,2026,REG,5,2026-10-11,Sunday,13:00,CIN,,MIA,,Home,,,,2026101101,,,202610110mia,,,,7,7,-245.0,200.0,-5.5,-110.0,-110.0,49.5,-110.0,-110.0,0,outdoors,grass,,,,,,,Zac Taylor,Jeff Hafley,,MIA00,Hard Rock Stadium
2026_05_LV_NE,2026,REG,5,2026-10-11,Sunday,13:00,LV,,NE,,Home,,,,2026101102,,,202610110nwe,,,,7,7,330.0,-425.0,8.5,-110.0,-110.0,44.5,-110.0,-110.0,0,outdoors,fieldturf,,,,,,,Klint Kubliak,Mike Vrabel,,BOS00,Gillette Stadium
2026_05_MIN_NO,2026,REG,5,2026-10-11,Sunday,13:00,MIN,,NO,,Home,,,,2026101103,,,202610110nor,,,,7,6,-120.0,100.0,-1.5,-105.0,-115.0,44.5,-110.0,-110.0,0,dome,sportturf,,,,,,,Kevin O'Connell,Kellen Moore,,NOR00,Caesars Superdome
2026_05_CLE_NYJ,2026,REG,5,2026-10-11,Sunday,13:00,CLE,,NYJ,,Home,,,,2026101104,,,202610110nyj,,,,10,7,105.0,-125.0,1.5,-110.0,-110.0,39.5,-110.0,-110.0,0,outdoors,fieldturf,,,,,,,Todd Monken,Aaron Glenn,,NYC01,MetLife Stadium
2026_05_IND_PIT,2026,REG,5,2026-10-11,Sunday,13:00,IND,,PIT,,Home,,,,2026101105,,,202610110pit,,,,7,10,120.0,-142.0,2.5,-110.0,-110.0,47.5,-110.0,-110.0,0,outdoors,grass,,,,,,,Shane Steichen,Mike McCarthy,,PIT00,Acrisure Stadium
2026_05_HOU_TEN,2026,REG,5,2026-10-11,Sunday,13:00,HOU,,TEN,,Home,,,,2026101106,,,202610110oti,,,,7,7,-192.0,160.0,-3.5,-110.0,-110.0,43.5,-110.0,-110.0,1,outdoors,grass,,,,,,,DeMeco Ryans,Robert Saleh,,NAS00,Nissan Stadium
2026_05_NYG_WAS,2026,REG,5,2026-10-11,Sunday,13:00,NYG,,WAS,,Home,,,,2026101107,,,202610110was,,,,7,7,114.0,-135.0,2.5,-110.0,-110.0,48.5,-110.0,-110.0,1,outdoors,grass,,,,,,,John Harbaugh,Dan Quinn,,WAS00,Northwest Stadium
2026_05_DEN_LAC,2026,REG,5,2026-10-11,Sunday,16:05,DEN,,LAC,,Home,,,,2026101108,,,202610110sdg,,,,7,7,120.0,-142.0,2.5,-105.0,-115.0,44.5,-110.0,-110.0,1,dome,matrixturf,,,,,,,Sean Payton,Jim Harbaugh,,LAX01,SoFi Stadium
2026_05_DET_ARI,2026,REG,5,2026-10-11,Sunday,16:25,DET,,ARI,,Home,,,,2026101109,,,202610110crd,,,,7,7,,,,,,,,,0,,grass,,,,,,,Dan Campbell,Jonathan Gannon,,PHO00,State Farm Stadium
2026_05_CHI_GB,2026,REG,5,2026-10-11,Sunday,16:25,CHI,,GB,,Home,,,,2026101110,,,202610110gnb,,,,7,7,,,,,,,,,1,outdoors,grass,,,,,,,Ben Johnson,Matt LaFleur,,GNB00,Lambeau Field
2026_05_SF_SEA,2026,REG,5,2026-10-11,Sunday,16:25,SF,,SEA,,Home,,,,2026101111,,,202610110sea,,,,7,7,170.0,-205.0,3.5,-110.0,-110.0,48.5,-110.0,-110.0,1,outdoors,fieldturf,,,,,,,Kyle Shanahan,Mike Macdonald,,SEA00,Lumen Field
2026_05_BAL_ATL,2026,REG,5,2026-10-11,Sunday,20:20,BAL,,ATL,,Home,,,,2026101112,,,202610110atl,,,,7,6,,,,,,,,,0,,fieldturf,,,,,,,Jesse Minter,Raheem Morris,,ATL97,Mercedes-Benz Stadium
2026_05_BUF_LA,2026,REG,5,2026-10-12,Monday,20:15,BUF,,LA,,Home,,,,2026101200,,,202610120ram,,,,8,8,,,,,,,,,0,dome,matrixturf,,,,,,,Sean McDermott,Sean McVay,,LAX01,SoFi Stadium
2026_06_SEA_DEN,2026,REG,6,2026-10-15,Thursday,20:15,SEA,,DEN,,Home,,,,2026101500,,,202610150den,,,,4,4,,,,,,,,,0,outdoors,grass,,,,,,,Mike Macdonald,Sean Payton,,DEN00,Empower Field at Mile High
2026_06_HOU_JAX,2026,REG,6,2026-10-18,Sunday,09:30,HOU,,JAX,,Neutral,,,,2026101800,,,202610180jax,,,,7,7,-108.0,-108.0,1.5,-122.0,100.0,40.5,-105.0,-115.0,1,outdoors,grass,,,,,,,DeMeco Ryans,Liam Coen,,JAX00,Wembley Stadium
2026_06_CHI_ATL,2026,REG,6,2026-10-18,Sunday,13:00,CHI,,ATL,,Home,,,,2026101801,,,202610180atl,,,,7,7,,,,,,,,,0,,fieldturf,,,,,,,Ben Johnson,Raheem Morris,,ATL97,Mercedes-Benz Stadium
2026_06_BAL_CLE,2026,REG,6,2026-10-18,Sunday,13:00,BAL,,CLE,,Home,,,,2026101802,,,202610180cle,,,,7,7,,,,,,,,,1,outdoors,grass,,,,,,,Jesse Minter,Todd Monken,,CLE00,Huntington Bank Field
2026_06_TEN_IND,2026,REG,6,2026-10-18,Sunday,13:00,TEN,,IND,,Home,,,,2026101803,,,202610180clt,,,,7,7,,,,,,,,,1,,fieldturf,,,,,,,Robert Saleh,Shane Steichen,,IND00,Lucas Oil Stadium
2026_06_NYJ_NE,2026,REG,6,2026-10-18,Sunday,13:00,NYJ,,NE,,Home,,,,2026101804,,,202610180nwe,,,,7,7,,,,,,,,,1,outdoors,fieldturf,,,,,,,Aaron Glenn,Mike Vrabel,,BOS00,Gillette Stadium
2026_06_NO_NYG,2026,REG,6,2026-10-18,Sunday,13:00,NO,,NYG,,Home,,,,2026101805,,,202610180nyg,,,,7,7,,,,,,,,,0,outdoors,fieldturf,,,,,,,Kellen Moore,John Harbaugh,,NYC01,MetLife Stadium
2026_06_CAR_PHI,2026,REG,6,2026-10-18,Sunday,13:00,CAR,,PHI,,Home,,,,2026101806,,,202610180phi,,,,14,7,,,,,,,,,0,outdoors,grass,,,,,,,Dave Canales,Nick Sirianni,,PHI00,Lincoln Financial Field
2026_06_PIT_TB,2026,REG,6,2026-10-18,Sunday,13:00,PIT,,TB,,Home,,,,2026101807,,,202610180tam,,,,7,10,,,,,,,,,0,outdoors,grass,,,,,,,Mike McCarthy,Todd Bowles,,TAM00,Raymond James Stadium
2026_06_ARI_LA,2026,REG,6,2026-10-18,Sunday,16:05,ARI,,LA,,Home,,,,2026101808,,,202610180ram,,,,7,6,,,,,,,,,1,dome,matrixturf,,,,,,,Jonathan Gannon,Sean McVay,,LAX01,SoFi Stadium
2026_06_LAC_KC,2026,REG,6,2026-10-18,Sunday,16:25,LAC,,KC,,Home,,,,2026101809,,,202610180kan,,,,7,14,,,,,,,,,1,outdoors,grass,,,,,,,Jim Harbaugh,Andy Reid,,KAN00,GEHA Field at Arrowhead Stadium
2026_06_BUF_LV,2026,REG,6,2026-10-18,Sunday,16:25,BUF,,LV,,Home,,,,2026101810,,,202610180rai,,,,6,7,,,,,,,,,0,dome,grass,,,,,,,Sean McDermott,Klint Kubliak,,VEG00,Allegiant Stadium
2026_06_DAL_GB,2026,REG,6,2026-10-18,Sunday,20:20,DAL,,GB,,Home,,,,2026101811,,,202610180gnb,,,,10,7,,,,,,,,,0,outdoors,grass,,,,,,,Brian Schottenheimer,Matt LaFleur,,GNB00,Lambeau Field
2026_06_WAS_SF,2026,REG,6,2026-10-19,Monday,20:15,WAS,,SF,,Home,,,,2026101900,,,202610190sfo,,,,8,8,,,,,,,,,0,outdoors,grass,,,,,,,Dan Quinn,Kyle Shanahan,,SFO01,Levi's Stadium
2026_07_NE_CHI,2026,REG,7,2026-10-22,Thursday,20:15,NE,,CHI,,Home,,,,2026102200,,,202610220chi,,,,4,4,,,,,,,,,0,outdoors,grass,,,,,,,Mike Vrabel,Ben Johnson,,CHI98,Soldier Field
2026_07_PIT_NO,2026,REG,7,2026-10-25,Sunday,09:30,PIT,,NO,,Neutral,,,,2026102500,,,202610250nor,,,,7,7,-132.0,112.0,-1.5,-115.0,-105.0,,,,0,dome,sportturf,,,,,,,Mike McCarthy,Kellen Moore,,NOR00,Stade de France
2026_07_SF_ATL,2026,REG,7,2026-10-25,Sunday,13:00,SF,,ATL,,Home,,,,2026102501,,,202610250atl,,,,6,7,,,,,,,,,0,,fieldturf,,,,,,,Kyle Shanahan,Raheem Morris,,ATL97,Mercedes-Benz Stadium
2026_07_CIN_BAL,2026,REG,7,2026-10-25,Sunday,13:00,CIN,,BAL,,Home,,,,2026102502,,,202610250rav,,,,14,7,,,,,,,,,1,outdoors,grass,,,,,,,Zac Taylor,Jesse Minter,,BAL00,M&T Bank Stadium
2026_07_TB_CAR,2026,REG,7,2026-10-25,Sunday,13:00,TB,,CAR,,Home,,,,2026102503,,,202610250car,,,,7,7,,,,,,,,,1,outdoors,grass,,,,,,,Todd Bowles,Dave Canales,,CAR00,Bank of America Stadium
2026_07_NYG_HOU,2026,REG,7,2026-10-25,Sunday,13:00,NYG,,HOU,,Home,,,,2026102504,,,202610250htx,,,,7,7,,,,,,,,,0,,astroturf,,,,,,,John Harbaugh,DeMeco Ryans,,HOU00,Reliant Stadium
2026_07_IND_MIN,2026,REG,7,2026-10-25,Sunday,13:00,IND,,MIN,,Home,,,,2026102505,,,202610250min,,,,7,14,,,,,,,,,0,dome,sportturf,,,,,,,Shane Steichen,Kevin O'Connell,,MIN01,U.S. Bank Stadium
2026_07_MIA_NYJ,2026,REG,7,2026-10-25,Sunday,13:00,MIA,,NYJ,,Home,,,,2026102506,,,202610250nyj,,,,14,7,,,,,,,,,1,outdoors,fieldturf,,,,,,,Jeff Hafley,Aaron Glenn,,NYC01,MetLife Stadium
2026_07_CLE_TEN,2026,REG,7,2026-10-25,Sunday,13:00,CLE,,TEN,,Home,,,,2026102507,,,202610250oti,,,,7,7,,,,,,,,,0,outdoors,grass,,,,,,,Todd Monken,Robert Saleh,,NAS00,Nissan Stadium
2026_07_DEN_ARI,2026,REG,7,2026-10-25,Sunday,16:05,DEN,,ARI,,Home,,,,2026102508,,,202610250crd,,,,10,7,,,,,,,,,0,,grass,,,,,,,Sean Payton,Jonathan Gannon,,PHO00,State Farm Stadium
2026_07_GB_DET,2026,REG,7,2026-10-25,Sunday,16:25,GB,,DET,,Home,,,,2026102509,,,202610250det,,,,7,14,,,,,,,,,1,dome,fieldturf,,,,,,,Matt LaFleur,Dan Campbell,,DET00,Ford Field
2026_07_LA_LV,2026,REG,7,2026-10-25,Sunday,16:25,LA,,LV,,Home,,,,2026102510,,,202610250rai,,,,7,7,,,,,,,,,0,dome,grass,,,,,,,Sean McVay,Klint Kubliak,,VEG00,Allegiant Stadium
2026_07_KC_SEA,2026,REG,7,2026-10-25,Sunday,20:20,KC,,SEA,,Home,,,,2026102511,,,202610250sea,,,,7,10,,,,,,,,,0,outdoors,fieldturf,,,,,,,Andy Reid,Mike Macdonald,,SEA00,Lumen Field
2026_07_DAL_PHI,2026,REG,7,2026-10-26,Monday,20:15,DAL,,PHI,,Home,,,,2026102600,,,202610260phi,,,,8,8,,,,,,,,,1,outdoors,grass,,,,,,,Brian Schottenheimer,Nick Sirianni,,PHI00,Lincoln Financial Field
2026_08_CAR_GB,2026,REG,8,2026-10-29,Thursday,20:15,CAR,,GB,,Home,,,,2026102900,,,202610290gnb,,,,4,4,,,,,,,,,0,outdoors,grass,,,,,,,Dave Canales,Matt LaFleur,,GNB00,Lambeau Field
2026_08_BAL_BUF,2026,REG,8,2026-11-01,Sunday,13:00,BAL,,BUF,,Home,,,,2026110100,,,202611010buf,,,,7,14,,,,,,,,,0,outdoors,a_turf,,,,,,,Jesse Minter,Sean McDermott,,BUF00,Highmark Stadium
2026_08_TEN_CIN,2026,REG,8,2026-11-01,Sunday,13:00,TEN,,CIN,,Home,,,,2026110101,,,202611010cin,,,,7,7,,,,,,,,,0,outdoors,fieldturf,,,,,,,Robert Saleh,Zac Taylor,,CIN00,Paycor Stadium
2026_08_ARI_DAL,2026,REG,8,2026-11-01,Sunday,13:00,ARI,,DAL,,Home,,,,2026110102,,,202611010dal,,,,7,6,,,,,,,,,0,,matrixturf,,,,,,,Jonathan Gannon,Brian Schottenheimer,,DAL00,AT&T Stadium
2026_08_MIN_DET,2026,REG,8,2026-11-01,Sunday,13:00,MIN,,DET,,Home,,,,2026110103,,,202611010det,,,,7,7,,,,,,,,,1,dome,fieldturf,,,,,,,Kevin O'Connell,Dan Campbell,,DET00,Ford Field
2026_08_IND_JAX,2026,REG,8,2026-11-01,Sunday,13:00,IND,,JAX,,Home,,,,2026110104,,,202611010jax,,,,7,14,,,,,,,,,1,outdoors,grass,,,,,,,Shane Steichen,Liam Coen,,JAX00,EverBank Stadium
2026_08_LV_NYJ,2026,REG,8,2026-11-01,Sunday,13:00,LV,,NYJ,,Home,,,,2026110105,,,202611010nyj,,,,7,7,,,,,,,,,0,outdoors,fieldturf,,,,,,,Klint Kubliak,Aaron Glenn,,NYC01,MetLife Stadium
2026_08_CLE_PIT,2026,REG,8,2026-11-01,Sunday,13:00,CLE,,PIT,,Home,,,,2026110106,,,202611010pit,,,,7,7,,,,,,,,,1,outdoors,grass,,,,,,,Todd Monken,Mike McCarthy,,PIT00,Acrisure Stadium
2026_08_ATL_TB,2026,REG,8,2026-11-01,Sunday,13:00,ATL,,TB,,Home,,,,2026110107,,,202611010tam,,,,7,7,,,,,,,,,1,outdoors,grass,,,,,,,Raheem Morris,Todd Bowles,,TAM00,Raymond James Stadium
2026_08_LAC_LA,2026,REG,8,2026-11-01,Sunday,16:05,LAC,,LA,,Home,,,,2026110108,,,202611010ram,,,,14,7,,,,,,,,,0,dome,matrixturf,,,,,,,Jim Harbaugh,Sean McVay,,LAX01,SoFi Stadium
2026_08_KC_DEN,2026,REG,8,2026-11-01,Sunday,16:25,KC,,DEN,,Home,,,,2026110109,,,202611010den,,,,7,7,,,,,,,,,1,outdoors,grass,,,,,,,Andy Reid,Sean Payton,,DEN00,Empower Field at Mile High
2026_08_NE_MIA,2026,REG,8,2026-11-01,Sunday,16:25,NE,,MIA,,Home,,,,2026110110,,,202611010mia,,,,10,7,,,,,,,,,1,outdoors,grass,,,,,,,Mike Vrabel,Jeff Hafley,,MIA00,Hard Rock Stadium
2026_08_PHI_WAS,2026,REG,8,2026-11-01,Sunday,20:20,PHI,,WAS,,Home,,,,2026110111,,,202611010was,,,,6,13,,,,,,,,,1,outdoors,grass,,,,,,,Nick Sirianni,Dan Quinn,,WAS00,Northwest Stadium
2026_08_CHI_SEA,2026,REG,8,2026-11-02,Monday,20:15,CHI,,SEA,,Home,,,,2026110200,,,202611020sea,,,,11,8,,,,,,,,,0,outdoors,fieldturf,,,,,,,Ben Johnson,Mike Macdonald,,SEA00,Lumen Field
2026_09_JAX_BAL,2026,REG,9,2026-11-05,Thursday,20:15,JAX,,BAL,,Home,,,,2026110500,,,202611050rav,,,,4,4,,,,,,,,,0,outdoors,grass,,,,,,,Liam Coen,Jesse Minter,,BAL00,M&T Bank Stadium
2026_09_CIN_ATL,2026,REG,9,2026-11-08,Sunday,09:30,CIN,,ATL,,Neutral,,,,2026110800,,,202611080atl,,,,7,7,,,,,,,,,0,,fieldturf,,,,,,,Zac Taylor,Raheem Morris,,ATL97,Bernabeu
2026_09_DEN_CAR,2026,REG,9,2026-11-08,Sunday,13:00,DEN,,CAR,,Home,,,,2026110801,,,202611080car,,,,7,10,,,,,,,,,0,outdoors,grass,,,,,,,Sean Payton,Dave Canales,,CAR00,Bank of America Stadium
2026_09_DAL_IND,2026,REG,9,2026-11-08,Sunday,13:00,DAL,,IND,,Home,,,,2026110802,,,202611080clt,,,,7,7,,,,,,,,,0,,fieldturf,,,,,,,Brian Schottenheimer,Shane Steichen,,IND00,Lucas Oil Stadium
2026_09_NYJ_KC,2026,REG,9,2026-11-08,Sunday,13:00,NYJ,,KC,,Home,,,,2026110803,,,202611080kan,,,,7,7,,,,,,,,,0,outdoors,grass,,,,,,,Aaron Glenn,Andy Reid,,KAN00,GEHA Field at Arrowhead Stadium
2026_09_DET_MIA,2026,REG,9,2026-11-08,Sunday,13:00,DET,,MIA,,Home,,,,2026110804,,,202611080mia,,,,7,7,,,,,,,,,0,outdoors,grass,,,,,,,Dan Campbell,Jeff Hafley,,MIA00,Hard Rock Stadium
2026_09_CLE_NO,2026,REG,9,2026-11-08,Sunday,13:00,CLE,,NO,,Home,,,,2026110805,,,202611080nor,,,,7,14,,,,,,,,,0,dome,sportturf,,,,,,,Todd Monken,Kellen Moore,,NOR00,Caesars Superdome
2026_09_NYG_PHI,2026,REG,9,2026-11-08,Sunday,13:00,NYG,,PHI,,Home,,,,2026110806,,,202611080phi,,,,14,7,,,,,,,,,1,outdoors,grass,,,,,,,John Harbaugh,Nick Sirianni,,PHI00,Lincoln Financial Field
2026_09_LA_WAS,2026,REG,9,2026-11-08,Sunday,13:00,LA,,WAS,,Home,,,,2026110807,,,202611080was,,,,7,7,,,,,,,,,0,outdoors,grass,,,,,,,Sean McVay,Dan Quinn,,WAS00,Northwest Stadium
2026_09_HOU_LAC,2026,REG,9,2026-11-08,Sunday,16:05,HOU,,LAC,,Home,,,,2026110808,,,202611080sdg,,,,14,7,,,,,,,,,0,dome,matrixturf,,,,,,,DeMeco Ryans,Jim Harbaugh,,LAX01,SoFi Stadium
2026_09_LV_SF,2026,REG,9,2026-11-08,Sunday,16:05,LV,,SF,,Home,,,,2026110809,,,202611080sfo,,,,7,14,,,,,,,,,0,outdoors,grass,,,,,,,Klint Kubliak,Kyle Shanahan,,SFO01,Levi's Stadium
2026_09_GB_NE,2026,REG,9,2026-11-08,Sunday,16:25,GB,,NE,,Home,,,,2026110810,,,202611080nwe,,,,10,7,,,,,,,,,0,outdoors,fieldturf,,,,,,,Matt LaFleur,Mike Vrabel,,BOS00,Gillette Stadium
2026_09_ARI_SEA,2026,REG,9,2026-11-08,Sunday,16:25,ARI,,SEA,,Home,,,,2026110811,,,202611080sea,,,,7,6,,,,,,,,,1,outdoors,fieldturf,,,,,,,Jonathan Gannon,Mike Macdonald,,SEA00,Lumen Field
2026_09_TB_CHI,2026,REG,9,2026-11-08,Sunday,20:20,TB,,CHI,,Home,,,,2026110812,,,202611080chi,,,,7,6,,,,,,,,,0,outdoors,grass,,,,,,,Todd Bowles,Ben Johnson,,CHI98,Soldier Field
2026_09_BUF_MIN,2026,REG,9,2026-11-09,Monday,20:15,BUF,,MIN,,Home,,,,2026110900,,,202611090min,,,,8,8,,,,,,,,,0,dome,sportturf,,,,,,,Sean McDermott,Kevin O'Connell,,MIN01,U.S. Bank Stadium
2026_10_WAS_NYG,2026,REG,10,2026-11-12,Thursday,20:15,WAS,,NYG,,Home,,,,2026111200,,,202611120nyg,,,,4,4,,,,,,,,,1,outdoors,fieldturf,,,,,,,Dan Quinn,John Harbaugh,,NYC01,MetLife Stadium
2026_10_NE_DET,2026,REG,10,2026-11-15,Sunday,09:30,NE,,DET,,Neutral,,,,2026111500,,,202611150det,,,,7,7,,,,,,,,,0,dome,fieldturf,,,,,,,Mike Vrabel,Dan Campbell,,DET00,FC Bayern Munich Stadium
2026_10_KC_ATL,2026,REG,10,2026-11-15,Sunday,13:00,KC,,ATL,,Home,,,,2026111501,,,202611150atl,,,,7,7,,,,,,,,,0,,fieldturf,,,,,,,Andy Reid,Raheem Morris,,ATL97,Mercedes-Benz Stadium
2026_10_HOU_CLE,2026,REG,10,2026-11-15,Sunday,13:00,HOU,,CLE,,Home,,,,2026111502,,,202611150cle,,,,7,7,,,,,,,,,0,outdoors,grass,,,,,,,DeMeco Ryans,Todd Monken,,CLE00,Huntington Bank Field
2026_10_MIN_GB,2026,REG,10,2026-11-15,Sunday,13:00,MIN,,GB,,Home,,,,2026111503,,,202611150gnb,,,,6,7,,,,,,,,,1,outdoors,grass,,,,,,,Kevin O'Connell,Matt LaFleur,,GNB00,Lambeau Field
2026_10_MIA_IND,2026,REG,10,2026-11-15,Sunday,13:00,MIA,,IND,,Home,,,,2026111504,,,202611150clt,,,,7,7,,,,,,,,,0,,fieldturf,,,,,,,Jeff Hafley,Shane Steichen,,IND00,Lucas Oil Stadium
2026_10_CAR_NO,2026,REG,10,2026-11-15,Sunday,13:00,CAR,,NO,,Home,,,,2026111505,,,202611150nor,,,,7,7,,,,,,,,,1,dome,sportturf,,,,,,,Dave Canales,Kellen Moore,,NOR00,Caesars Superdome
2026_10_BUF_NYJ,2026,REG,10,2026-11-15,Sunday,13:00,BUF,,NYJ,,Home,,,,2026111506,,,202611150nyj,,,,6,7,,,,,,,,,1,outdoors,fieldturf,,,,,,,Sean McDermott,Aaron Glenn,,NYC01,MetLife Stadium
2026_10_JAX_TEN,2026,REG,10,2026-11-15,Sunday,13:00,JAX,,TEN,,Home,,,,2026111507,,,202611150oti,,,,10,14,,,,,,,,,1,outdoors,grass,,,,,,,Liam Coen,Robert Saleh,,NAS00,Nissan Stadium
2026_10_LA_ARI,2026,REG,10,2026-11-15,Sunday,16:05,LA,,ARI,,Home,,,,2026111508,,,202611150crd,,,,7,7,,,,,,,,,1,,grass,,,,,,,Sean McVay,Jonathan Gannon,,PHO00,State Farm Stadium
2026_10_SEA_LV,2026,REG,10,2026-11-15,Sunday,16:05,SEA,,LV,,Home,,,,2026111509,,,202611150rai,,,,7,7,,,,,,,,,0,dome,grass,,,,,,,Mike Macdonald,Klint Kubliak,,VEG00,Allegiant Stadium
2026_10_SF_DAL,2026,REG,10,2026-11-15,Sunday,16:25,SF,,DAL,,Home,,,,2026111510,,,202611150dal,,,,7,7,,,,,,,,,0,,matrixturf,,,,,,,Kyle Shanahan,Brian Schottenheimer,,DAL00,AT&T Stadium
2026_10_PIT_CIN,2026,REG,10,2026-11-15,Sunday,20:20,PIT,,CIN,,Home,,,,2026111511,,,202611150cin,,,,14,7,,,,,,,,,1,outdoors,fieldturf,,,,,,,Mike McCarthy,Zac Taylor,,CIN00,Paycor Stadium
2026_10_LAC_BAL,2026,REG,10,2026-11-16,Monday,20:15,LAC,,BAL,,Home,,,,2026111600,,,202611160rav,,,,8,11,,,,,,,,,0,outdoors,grass,,,,,,,Jim Harbaugh,Jesse Minter,,BAL00,M&T Bank Stadium
2026_11_IND_HOU,2026,REG,11,2026-11-19,Thursday,20:15,IND,,HOU,,Home,,,,2026111900,,,202611190htx,,,,4,4,,,,,,,,,1,,astroturf,,,,,,,Shane Steichen,DeMeco Ryans,,HOU00,Reliant Stadium
2026_11_MIA_BUF,2026,REG,11,2026-11-22,Sunday,13:00,MIA,,BUF,,Home,,,,2026112200,,,202611220buf,,,,7,7,,,,,,,,,1,outdoors,a_turf,,,,,,,Jeff Hafley,Sean McDermott,,BUF00,Highmark Stadium
2026_11_BAL_CAR,2026,REG,11,2026-11-22,Sunday,13:00,BAL,,CAR,,Home,,,,2026112201,,,202611220car,,,,6,7,,,,,,,,,0,outdoors,grass,,,,,,,Jesse Minter,Dave Canales,,CAR00,Bank of America Stadium
2026_11_NO_CHI,2026,REG,11,2026-11-22,Sunday,13:00,NO,,CHI,,Home,,,,2026112202,,,202611220chi,,,,7,14,,,,,,,,,0,outdoors,grass,,,,,,,Kellen Moore,Ben Johnson,,CHI98,Soldier Field
2026_11_TEN_DAL,2026,REG,11,2026-11-22,Sunday,13:00,TEN,,DAL,,Home,,,,2026112203,,,202611220dal,,,,7,7,,,,,,,,,0,,matrixturf,,,,,,,Robert Saleh,Brian Schottenheimer,,DAL00,AT&T Stadium
2026_11_TB_DET,2026,REG,11,2026-11-22,Sunday,13:00,TB,,DET,,Home,,,,2026112204,,,202611220det,,,,14,7,,,,,,,,,0,dome,fieldturf,,,,,,,Todd Bowles,Dan Campbell,,DET00,Ford Field
2026_11_ARI_KC,2026,REG,11,2026-11-22,Sunday,13:00,ARI,,KC,,Home,,,,2026112205,,,202611220kan,,,,7,7,,,,,,,,,0,outdoors,grass,,,,,,,Jonathan Gannon,Andy Reid,,KAN00,GEHA Field at Arrowhead Stadium
2026_11_JAX_NYG,2026,REG,11,2026-11-22,Sunday,13:00,JAX,,NYG,,Home,,,,2026112206,,,202611220nyg,,,,7,10,,,,,,,,,0,outdoors,fieldturf,,,,,,,Liam Coen,John Harbaugh,,NYC01,MetLife Stadium
2026_11_NYJ_LAC,2026,REG,11,2026-11-22,Sunday,16:05,NYJ,,LAC,,Home,,,,2026112207,,,202611220sdg,,,,7,6,,,,,,,,,0,dome,matrixturf,,,,,,,Aaron Glenn,Jim Harbaugh,,LAX01,SoFi Stadium
2026_11_LV_DEN,2026,REG,11,2026-11-22,Sunday,16:25,LV,,DEN,,Home,,,,2026112208,,,202611220den,,,,7,14,,,,,,,,,1,outdoors,grass,,,,,,,Klint Kubliak,Sean Payton,,DEN00,Empower Field at Mile High
2026_11_PIT_PHI,2026,REG,11,2026-11-22,Sunday,16:25,PIT,,PHI,,Home,,,,2026112209,,,202611220phi,,,,7,14,,,,,,,,,0,outdoors,grass,,,,,,,Mike McCarthy,Nick Sirianni,,PHI00,Lincoln Financial Field
2026_11_MIN_SF,2026,REG,11,2026-11-22,Sunday,20:20,MIN,,SF,,Neutral,,,,2026112210,,,202611220sfo,,,,7,7,,,,,,,,,0,outdoors,grass,,,,,,,Kevin O'Connell,Kyle Shanahan,,SFO01,Estadio Banorte
2026_11_CIN_WAS,2026,REG,11,2026-11-23,Monday,20:15,CIN,,WAS,,Home,,,,2026112300,,,202611230was,,,,8,11,,,,,,,,,0,outdoors,grass,,,,,,,Zac Taylor,Dan Quinn,,WAS00,Northwest Stadium
2026_12_GB_LA,2026,REG,12,2026-11-25,Wednesday,20:00,GB,,LA,,Home,,,,2026112500,,,202611250ram,,,,10,10,,,,,,,,,0,dome,matrixturf,,,,,,,Matt LaFleur,Sean McVay,,LAX01,SoFi Stadium
2026_12_CHI_DET,2026,REG,12,2026-11-26,Thursday,13:00,CHI,,DET,,Home,,,,2026112600,,,202611260det,,,,4,4,,,,,,,,,1,dome,fieldturf,,,,,,,Ben Johnson,Dan Campbell,,DET00,Ford Field
2026_12_PHI_DAL,2026,REG,12,2026-11-26,Thursday,16:30,PHI,,DAL,,Home,,,,2026112601,,,202611260dal,,,,4,4,,,,,,,,,1,,matrixturf,,,,,,,Nick Sirianni,Brian Schottenheimer,,DAL00,AT&T Stadium
2026_12_KC_BUF,2026,REG,12,2026-11-26,Thursday,20:20,KC,,BUF,,Home,,,,2026112602,,,202611260buf,,,,4,4,,,,,,,,,0,outdoors,a_turf,,,,,,,Andy Reid,Sean McDermott,,BUF00,Highmark Stadium
2026_12_DEN_PIT,2026,REG,12,2026-11-27,Friday,15:00,DEN,,PIT,,Home,,,,2026112700,,,202611270pit,,,,5,5,,,,,,,,,0,outdoors,grass,,,,,,,Sean Payton,Mike McCarthy,,PIT00,Acrisure Stadium
2026_12_NO_CIN,2026,REG,12,2026-11-29,Sunday,13:00,NO,,CIN,,Home,,,,2026112900,,,202611290cin,,,,7,6,,,,,,,,,0,outdoors,fieldturf,,,,,,,Kellen Moore,Zac Taylor,,CIN00,Paycor Stadium
2026_12_LV_CLE,2026,REG,12,2026-11-29,Sunday,13:00,LV,,CLE,,Home,,,,2026112901,,,202611290cle,,,,7,14,,,,,,,,,0,outdoors,grass,,,,,,,Klint Kubliak,Todd Monken,,CLE00,Huntington Bank Field
2026_12_BAL_HOU,2026,REG,12,2026-11-29,Sunday,13:00,BAL,,HOU,,Home,,,,2026112902,,,202611290htx,,,,7,10,,,,,,,,,0,,astroturf,,,,,,,Jesse Minter,DeMeco Ryans,,HOU00,Reliant Stadium
2026_12_NYG_IND,2026,REG,12,2026-11-29,Sunday,13:00,NYG,,IND,,Home,,,,2026112903,,,202611290clt,,,,7,10,,,,,,,,,0,,fieldturf,,,,,,,John Harbaugh,Shane Steichen,,IND00,Lucas Oil Stadium
2026_12_NYJ_MIA,2026,REG,12,2026-11-29,Sunday,13:00,NYJ,,MIA,,Home,,,,2026112904,,,202611290mia,,,,7,7,,,,,,,,,1,outdoors,grass,,,,,,,Aaron Glenn,Jeff Hafley,,MIA00,Hard Rock Stadium
2026_12_ATL_MIN,2026,REG,12,2026-11-29,Sunday,13:00,ATL,,MIN,,Home,,,,2026112905,,,202611290min,,,,14,7,,,,,,,,,0,dome,sportturf,,,,,,,Raheem Morris,Kevin O'Connell,,MIN01,U.S. Bank Stadium
2026_12_TEN_JAX,2026,REG,12,2026-11-29,Sunday,16:05,TEN,,JAX,,Home,,,,2026112906,,,202611290jax,,,,7,7,,,,,,,,,1,outdoors,grass,,,,,,,Robert Saleh,Liam Coen,,JAX00,EverBank Stadium
2026_12_WAS_ARI,2026,REG,12,2026-11-29,Sunday,16:25,WAS,,ARI,,Home,,,,2026112907,,,202611290crd,,,,6,7,,,,,,,,,0,,grass,,,,,,,Dan Quinn,Jonathan Gannon,,PHO00,State Farm Stadium
2026_12_SEA_SF,2026,REG,12,2026-11-29,Sunday,16:25,SEA,,SF,,Home,,,,2026112908,,,202611290sfo,,,,14,7,,,,,,,,,1,outdoors,grass,,,,,,,Mike Macdonald,Kyle Shanahan,,SFO01,Levi's Stadium
2026_12_NE_LAC,2026,REG,12,2026-11-29,Sunday,20:20,NE,,LAC,,Home,,,,2026112909,,,202611290sdg,,,,14,7,,,,,,,,,0,dome,matrixturf,,,,,,,Mike Vrabel,Jim Harbaugh,,LAX01,SoFi Stadium
2026_12_CAR_TB,2026,REG,12,2026-11-30,Monday,20:15,CAR,,TB,,Home,,,,2026113000,,,202611300tam,,,,8,8,,,,,,,,,1,outdoors,grass,,,,,,,Dave Canales,Todd Bowles,,TAM00,Raymond James Stadium
2026_13_KC_LA,2026,REG,13,2026-12-03,Thursday,20:15,KC,,LA,,Home,,,,2026120300,,,202612030ram,,,,7,8,,,,,,,,,0,dome,matrixturf,,,,,,,Andy Reid,Sean McVay,,LAX01,SoFi Stadium
2026_13_DET_ATL,2026,REG,13,2026-12-06,Sunday,13:00,DET,,ATL,,Home,,,,2026120600,,,202612060atl,,,,10,7,,,,,,,,,0,,fieldturf,,,,,,,Dan Campbell,Raheem Morris,,ATL97,Mercedes-Benz Stadium
2026_13_JAX_CHI,2026,REG,13,2026-12-06,Sunday,13:00,JAX,,CHI,,Home,,,,2026120601,,,202612060chi,,,,7,10,,,,,,,,,0,outdoors,grass,,,,,,,Liam Coen,Ben Johnson,,CHI98,Soldier Field
2026_13_CIN_CLE,2026,REG,13,2026-12-06,Sunday,13:00,CIN,,CLE,,Home,,,,2026120602,,,202612060cle,,,,7,7,,,,,,,,,1,outdoors,grass,,,,,,,Zac Taylor,Todd Monken,,CLE00,Huntington Bank Field
2026_13_GB_NO,2026,REG,13,2026-12-06,Sunday,13:00,GB,,NO,,Home,,,,2026120603,,,202612060nor,,,,11,7,,,,,,,,,0,dome,sportturf,,,,,,,Matt LaFleur,Kellen Moore,,NOR00,Caesars Superdome
2026_13_SF_NYG,2026,REG,13,2026-12-06,Sunday,13:00,SF,,NYG,,Home,,,,2026120604,,,202612060nyg,,,,7,7,,,,,,,,,0,outdoors,fieldturf,,,,,,,Kyle Shanahan,John Harbaugh,,NYC01,MetLife Stadium
2026_13_LAC_TB,2026,REG,13,2026-12-06,Sunday,13:00,LAC,,TB,,Home,,,,2026120605,,,202612060tam,,,,7,6,,,,,,,,,0,outdoors,grass,,,,,,,Jim Harbaugh,Todd Bowles,,TAM00,Raymond James Stadium
2026_13_WAS_TEN,2026,REG,13,2026-12-06,Sunday,13:00,WAS,,TEN,,Home,,,,2026120606,,,202612060oti,,,,7,7,,,,,,,,,0,outdoors,grass,,,,,,,Dan Quinn,Robert Saleh,,NAS00,Nissan Stadium
2026_13_PHI_ARI,2026,REG,13,2026-12-06,Sunday,16:05,PHI,,ARI,,Home,,,,2026120607,,,202612060crd,,,,10,7,,,,,,,,,0,,grass,,,,,,,Nick Sirianni,Jonathan Gannon,,PHO00,State Farm Stadium
2026_13_MIA_DEN,2026,REG,13,2026-12-06,Sunday,16:05,MIA,,DEN,,Home,,,,2026120608,,,202612060den,,,,7,9,,,,,,,,,0,outdoors,grass,,,,,,,Jeff Hafley,Sean Payton,,DEN00,Empower Field at Mile High
2026_13_CAR_MIN,2026,REG,13,2026-12-06,Sunday,16:25,CAR,,MIN,,Home,,,,2026120609,,,202612060min,,,,6,7,,,,,,,,,0,dome,sportturf,,,,,,,Dave Canales,Kevin O'Connell,,MIN01,U.S. Bank Stadium
2026_13_BUF_NE,2026,REG,13,2026-12-06,Sunday,16:25,BUF,,NE,,Home,,,,2026120610,,,202612060nwe,,,,10,7,,,,,,,,,1,outdoors,fieldturf,,,,,,,Sean McDermott,Mike Vrabel,,BOS00,Gillette Stadium
2026_13_HOU_PIT,2026,REG,13,2026-12-06,Sunday,20:20,HOU,,PIT,,Home,,,,2026120611,,,202612060pit,,,,7,9,,,,,,,,,0,outdoors,grass,,,,,,,DeMeco Ryans,Mike McCarthy,,PIT00,Acrisure Stadium
2026_13_DAL_SEA,2026,REG,13,2026-12-07,Monday,20:15,DAL,,SEA,,Home,,,,2026120700,,,202612070sea,,,,11,8,,,,,,,,,0,outdoors,fieldturf,,,,,,,Brian Schottenheimer,Mike Macdonald,,SEA00,Lumen Field
2026_14_MIN_NE,2026,REG,14,2026-12-10,Thursday,20:15,MIN,,NE,,Home,,,,2026121000,,,202612100nwe,,,,4,4,,,,,,,,,0,outdoors,fieldturf,,,,,,,Kevin O'Connell,Mike Vrabel,,BOS00,Gillette Stadium
2026_14_TB_BAL,2026,REG,14,2026-12-13,Sunday,13:00,TB,,BAL,,Home,,,,2026121300,,,202612130rav,,,,7,14,,,,,,,,,0,outdoors,grass,,,,,,,Todd Bowles,Jesse Minter,,BAL00,M&T Bank Stadium
2026_14_NO_CAR,2026,REG,14,2026-12-13,Sunday,13:00,NO,,CAR,,Home,,,,2026121301,,,202612130car,,,,7,7,,,,,,,,,1,outdoors,grass,,,,,,,Kellen Moore,Dave Canales,,CAR00,Bank of America Stadium
2026_14_ATL_CLE,2026,REG,14,2026-12-13,Sunday,13:00,ATL,,CLE,,Home,,,,2026121302,,,202612130cle,,,,7,7,,,,,,,,,0,outdoors,grass,,,,,,,Raheem Morris,Todd Monken,,CLE00,Huntington Bank Field
2026_14_TEN_DET,2026,REG,14,2026-12-13,Sunday,13:00,TEN,,DET,,Home,,,,2026121303,,,202612130det,,,,7,7,,,,,,,,,0,dome,fieldturf,,,,,,,Robert Saleh,Dan Campbell,,DET00,Ford Field
2026_14_CHI_MIA,2026,REG,14,2026-12-13,Sunday,13:00,CHI,,MIA,,Home,,,,2026121304,,,202612130mia,,,,7,7,,,,,,,,,0,outdoors,grass,,,,,,,Ben Johnson,Jeff Hafley,,MIA00,Hard Rock Stadium
2026_14_DEN_NYJ,2026,REG,14,2026-12-13,Sunday,13:00,DEN,,NYJ,,Home,,,,2026121305,,,202612130nyj,,,,7,14,,,,,,,,,0,outdoors,fieldturf,,,,,,,Sean Payton,Aaron Glenn,,NYC01,MetLife Stadium
2026_14_IND_PHI,2026,REG,14,2026-12-13,Sunday,13:00,IND,,PHI,,Home,,,,2026121306,,,202612130phi,,,,14,7,,,,,,,,,0,outdoors,grass,,,,,,,Shane Steichen,Nick Sirianni,,PHI00,Lincoln Financial Field
2026_14_HOU_WAS,2026,REG,14,2026-12-13,Sunday,13:00,HOU,,WAS,,Home,,,,2026121307,,,202612130was,,,,7,7,,,,,,,,,0,outdoors,grass,,,,,,,DeMeco Ryans,Dan Quinn,,WAS00,Northwest Stadium
2026_14_LAC_LV,2026,REG,14,2026-12-13,Sunday,16:05,LAC,,LV,,Home,,,,2026121308,,,202612130rai,,,,7,14,,,,,,,,,1,dome,grass,,,,,,,Jim Harbaugh,Klint Kubliak,,VEG00,Allegiant Stadium
2026_14_KC_CIN,2026,REG,14,2026-12-13,Sunday,16:25,KC,,CIN,,Home,,,,2026121309,,,202612130cin,,,,10,7,,,,,,,,,0,outdoors,fieldturf,,,,,,,Andy Reid,Zac Taylor,,CIN00,Paycor Stadium
2026_14_NYG_SEA,2026,REG,14,2026-12-13,Sunday,16:25,NYG,,SEA,,Home,,,,2026121310,,,202612130sea,,,,7,6,,,,,,,,,0,outdoors,fieldturf,,,,,,,John Harbaugh,Mike Macdonald,,SEA00,Lumen Field
2026_14_LA_SF,2026,REG,14,2026-12-13,Sunday,16:25,LA,,SF,,Home,,,,2026121311,,,202612130sfo,,,,10,7,,,,,,,,,1,outdoors,grass,,,,,,,Sean McVay,Kyle Shanahan,,SFO01,Levi's Stadium
2026_14_BUF_GB,2026,REG,14,2026-12-13,Sunday,20:20,BUF,,GB,,Home,,,,2026121312,,,202612130gnb,,,,7,7,,,,,,,,,0,outdoors,grass,,,,,,,Sean McDermott,Matt LaFleur,,GNB00,Lambeau Field
2026_14_PIT_JAX,2026,REG,14,2026-12-14,Monday,20:15,PIT,,JAX,,Home,,,,2026121400,,,202612140jax,,,,8,8,,,,,,,,,0,outdoors,grass,,,,,,,Mike McCarthy,Liam Coen,,JAX00,EverBank Stadium
2026_15_SF_LAC,2026,REG,15,2026-12-17,Thursday,20:15,SF,,LAC,,Home,,,,2026121700,,,202612170sdg,,,,4,4,,,,,,,,,0,dome,matrixturf,,,,,,,Kyle Shanahan,Jim Harbaugh,,LAX01,SoFi Stadium
2026_15_SEA_PHI,2026,REG,15,2026-12-19,Saturday,17:00,SEA,,PHI,,Home,,,,2026121900,,,202612190phi,,,,6,6,,,,,,,,,0,outdoors,grass,,,,,,,Mike Macdonald,Nick Sirianni,,PHI00,Lincoln Financial Field
2026_15_CHI_BUF,2026,REG,15,2026-12-19,Saturday,20:20,CHI,,BUF,,Home,,,,2026121901,,,202612190buf,,,,6,6,,,,,,,,,0,outdoors,a_turf,,,,,,,Ben Johnson,Sean McDermott,,BUF00,Highmark Stadium
2026_15_CIN_CAR,2026,REG,15,2026-12-20,Sunday,13:00,CIN,,CAR,,Home,,,,2026122000,,,202612200car,,,,7,7,,,,,,,,,0,outdoors,grass,,,,,,,Zac Taylor,Dave Canales,,CAR00,Bank of America Stadium
2026_15_MIA_GB,2026,REG,15,2026-12-20,Sunday,13:00,MIA,,GB,,Home,,,,2026122001,,,202612200gnb,,,,7,7,,,,,,,,,0,outdoors,grass,,,,,,,Jeff Hafley,Matt LaFleur,,GNB00,Lambeau Field
2026_15_JAX_HOU,2026,REG,15,2026-12-20,Sunday,13:00,JAX,,HOU,,Home,,,,2026122002,,,202612200htx,,,,6,7,,,,,,,,,1,,astroturf,,,,,,,Liam Coen,DeMeco Ryans,,HOU00,Reliant Stadium
2026_15_CLE_NYG,2026,REG,15,2026-12-20,Sunday,13:00,CLE,,NYG,,Home,,,,2026122003,,,202612200nyg,,,,7,7,,,,,,,,,0,outdoors,fieldturf,,,,,,,Todd Monken,John Harbaugh,,NYC01,MetLife Stadium
2026_15_BAL_PIT,2026,REG,15,2026-12-20,Sunday,13:00,BAL,,PIT,,Home,,,,2026122004,,,202612200pit,,,,7,6,,,,,,,,,1,outdoors,grass,,,,,,,Jesse Minter,Mike McCarthy,,PIT00,Acrisure Stadium
2026_15_NO_TB,2026,REG,15,2026-12-20,Sunday,13:00,NO,,TB,,Home,,,,2026122005,,,202612200tam,,,,7,7,,,,,,,,,1,outdoors,grass,,,,,,,Kellen Moore,Todd Bowles,,TAM00,Raymond James Stadium
2026_15_IND_TEN,2026,REG,15,2026-12-20,Sunday,13:00,IND,,TEN,,Home,,,,2026122006,,,202612200oti,,,,7,7,,,,,,,,,1,outdoors,grass,,,,,,,Shane Steichen,Robert Saleh,,NAS00,Nissan Stadium
2026_15_ATL_WAS,2026,REG,15,2026-12-20,Sunday,13:00,ATL,,WAS,,Home,,,,2026122007,,,202612200was,,,,7,7,,,,,,,,,0,outdoors,grass,,,,,,,Raheem Morris,Dan Quinn,,WAS00,Northwest Stadium
2026_15_NYJ_ARI,2026,REG,15,2026-12-20,Sunday,16:05,NYJ,,ARI,,Home,,,,2026122008,,,202612200crd,,,,7,14,,,,,,,,,0,,grass,,,,,,,Aaron Glenn,Jonathan Gannon,,PHO00,State Farm Stadium
2026_15_DAL_LA,2026,REG,15,2026-12-20,Sunday,16:25,DAL,,LA,,Home,,,,2026122009,,,202612200ram,,,,13,7,,,,,,,,,0,dome,matrixturf,,,,,,,Brian Schottenheimer,Sean McVay,,LAX01,SoFi Stadium
2026_15_DEN_LV,2026,REG,15,2026-12-20,Sunday,16:25,DEN,,LV,,Home,,,,2026122010,,,202612200rai,,,,7,7,,,,,,,,,1,dome,grass,,,,,,,Sean Payton,Klint Kubliak,,VEG00,Allegiant Stadium
2026_15_DET_MIN,2026,REG,15,2026-12-20,Sunday,20:20,DET,,MIN,,Home,,,,2026122011,,,202612200min,,,,7,10,,,,,,,,,1,dome,sportturf,,,,,,,Dan Campbell,Kevin O'Connell,,MIN01,U.S. Bank Stadium
2026_15_NE_KC,2026,REG,15,2026-12-21,Monday,20:15,NE,,KC,,Home,,,,2026122100,,,202612210kan,,,,11,8,,,,,,,,,0,outdoors,grass,,,,,,,Mike Vrabel,Andy Reid,,KAN00,GEHA Field at Arrowhead Stadium
2026_16_HOU_PHI,2026,REG,16,2026-12-24,Thursday,20:15,HOU,,PHI,,Home,,,,2026122400,,,202612240phi,,,,4,5,,,,,,,,,0,outdoors,grass,,,,,,,DeMeco Ryans,Nick Sirianni,,PHI00,Lincoln Financial Field
2026_16_GB_CHI,2026,REG,16,2026-12-25,Friday,13:00,GB,,CHI,,Home,,,,2026122500,,,202612250chi,,,,5,6,,,,,,,,,1,outdoors,grass,,,,,,,Matt LaFleur,Ben Johnson,,CHI98,Soldier Field
2026_16_BUF_DEN,2026,REG,16,2026-12-25,Friday,16:30,BUF,,DEN,,Home,,,,2026122501,,,202612250den,,,,6,5,,,,,,,,,0,outdoors,grass,,,,,,,Sean McDermott,Sean Payton,,DEN00,Empower Field at Mile High
2026_16_LA_SEA,2026,REG,16,2026-12-25,Friday,20:15,LA,,SEA,,Home,,,,2026122502,,,202612250sea,,,,5,6,,,,,,,,,1,outdoors,fieldturf,,,,,,,Sean McVay,Mike Macdonald,,SEA00,Lumen Field
2026_16_TB_ATL,2026,REG,16,2026-12-27,Sunday,13:00,TB,,ATL,,Home,,,,2026122700,,,202612270atl,,,,7,7,,,,,,,,,1,,fieldturf,,,,,,,Todd Bowles,Raheem Morris,,ATL97,Mercedes-Benz Stadium
2026_16_CLE_BAL,2026,REG,16,2026-12-27,Sunday,13:00,CLE,,BAL,,Home,,,,2026122700,,,202612270rav,,,,7,7,,,,,,,,,1,outdoors,grass,,,,,,,Todd Monken,Jesse Minter,,BAL00,M&T Bank Stadium
2026_16_CIN_IND,2026,REG,16,2026-12-27,Sunday,13:00,CIN,,IND,,Home,,,,2026122701,,,202612270clt,,,,7,7,,,,,,,,,0,,fieldturf,,,,,,,Zac Taylor,Shane Steichen,,IND00,Lucas Oil Stadium
2026_16_LAC_MIA,2026,REG,16,2026-12-27,Sunday,13:00,LAC,,MIA,,Home,,,,2026122701,,,202612270mia,,,,10,7,,,,,,,,,0,outdoors,grass,,,,,,,Jim Harbaugh,Jeff Hafley,,MIA00,Hard Rock Stadium
2026_16_WAS_MIN,2026,REG,16,2026-12-27,Sunday,13:00,WAS,,MIN,,Home,,,,2026122702,,,202612270min,,,,7,7,,,,,,,,,0,dome,sportturf,,,,,,,Dan Quinn,Kevin O'Connell,,MIN01,U.S. Bank Stadium
2026_16_ARI_NO,2026,REG,16,2026-12-27,Sunday,13:00,ARI,,NO,,Home,,,,2026122702,,,202612270nor,,,,7,7,,,,,,,,,0,dome,sportturf,,,,,,,Jonathan Gannon,Kellen Moore,,NOR00,Caesars Superdome
2026_16_NE_NYJ,2026,REG,16,2026-12-27,Sunday,13:00,NE,,NYJ,,Home,,,,2026122703,,,202612270nyj,,,,6,7,,,,,,,,,1,outdoors,fieldturf,,,,,,,Mike Vrabel,Aaron Glenn,,NYC01,MetLife Stadium
2026_16_CAR_PIT,2026,REG,16,2026-12-27,Sunday,13:00,CAR,,PIT,,Home,,,,2026122703,,,202612270pit,,,,7,7,,,,,,,,,0,outdoors,grass,,,,,,,Dave Canales,Mike McCarthy,,PIT00,Acrisure Stadium
2026_16_TEN_LV,2026,REG,16,2026-12-27,Sunday,16:05,TEN,,LV,,Home,,,,2026122704,,,202612270rai,,,,7,7,,,,,,,,,0,dome,grass,,,,,,,Robert Saleh,Klint Kubliak,,VEG00,Allegiant Stadium
2026_16_SF_KC,2026,REG,16,2026-12-27,Sunday,16:25,SF,,KC,,Home,,,,2026122705,,,202612270kan,,,,10,6,,,,,,,,,0,outdoors,grass,,,,,,,Kyle Shanahan,Andy Reid,,KAN00,GEHA Field at Arrowhead Stadium
2026_16_JAX_DAL,2026,REG,16,2026-12-27,Sunday,20:20,JAX,,DAL,,Home,,,,2026122706,,,202612270dal,,,,7,7,,,,,,,,,0,,matrixturf,,,,,,,Liam Coen,Brian Schottenheimer,,DAL00,AT&T Stadium
2026_16_NYG_DET,2026,REG,16,2026-12-28,Monday,20:15,NYG,,DET,,Home,,,,2026122800,,,202612280det,,,,8,8,,,,,,,,,0,dome,fieldturf,,,,,,,John Harbaugh,Dan Campbell,,DET00,Ford Field
2026_17_BAL_CIN,2026,REG,17,2026-12-31,Thursday,20:15,BAL,,CIN,,Home,,,,2026123100,,,202612310cin,,,,4,4,,,,,,,,,1,outdoors,fieldturf,,,,,,,Jesse Minter,Zac Taylor,,CIN00,Paycor Stadium
2026_17_NO_ATL,2026,REG,17,2027-01-03,Sunday,13:00,NO,,ATL,,Home,,,,2027010300,,,202701030atl,,,,7,7,,,,,,,,,1,,fieldturf,,,,,,,Kellen Moore,Raheem Morris,,ATL97,Mercedes-Benz Stadium
2026_17_SEA_CAR,2026,REG,17,2027-01-03,Sunday,13:00,SEA,,CAR,,Home,,,,2027010301,,,202701030car,,,,9,7,,,,,,,,,0,outdoors,grass,,,,,,,Mike Macdonald,Dave Canales,,CAR00,Bank of America Stadium
2026_17_IND_CLE,2026,REG,17,2027-01-03,Sunday,13:00,IND,,CLE,,Home,,,,2027010302,,,202701030cle,,,,7,7,,,,,,,,,0,outdoors,grass,,,,,,,Shane Steichen,Todd Monken,,CLE00,Huntington Bank Field
2026_17_NYG_DAL,2026,REG,17,2027-01-03,Sunday,13:00,NYG,,DAL,,Home,,,,2027010303,,,202701030dal,,,,6,7,,,,,,,,,1,,matrixturf,,,,,,,John Harbaugh,Brian Schottenheimer,,DAL00,AT&T Stadium
2026_17_WAS_JAX,2026,REG,17,2027-01-03,Sunday,13:00,WAS,,JAX,,Home,,,,2027010300,,,202701030jax,,,,7,7,,,,,,,,,0,outdoors,grass,,,,,,,Dan Quinn,Liam Coen,,JAX00,EverBank Stadium
2026_17_KC_LAC,2026,REG,17,2027-01-03,Sunday,13:00,KC,,LAC,,Home,,,,2027010301,,,202701030sdg,,,,7,7,,,,,,,,,1,dome,matrixturf,,,,,,,Andy Reid,Jim Harbaugh,,LAX01,SoFi Stadium
2026_17_BUF_MIA,2026,REG,17,2027-01-03,Sunday,13:00,BUF,,MIA,,Home,,,,2027010304,,,202701030mia,,,,9,7,,,,,,,,,1,outdoors,grass,,,,,,,Sean McDermott,Jeff Hafley,,MIA00,Hard Rock Stadium
2026_17_DEN_NE,2026,REG,17,2027-01-03,Sunday,13:00,DEN,,NE,,Home,,,,2027010302,,,202701030nwe,,,,9,7,,,,,,,,,0,outdoors,fieldturf,,,,,,,Sean Payton,Mike Vrabel,,BOS00,Gillette Stadium
2026_17_MIN_NYJ,2026,REG,17,2027-01-03,Sunday,13:00,MIN,,NYJ,,Home,,,,2027010305,,,202701030nyj,,,,7,7,,,,,,,,,0,outdoors,fieldturf,,,,,,,Kevin O'Connell,Aaron Glenn,,NYC01,MetLife Stadium
2026_17_LA_TB,2026,REG,17,2027-01-03,Sunday,13:00,LA,,TB,,Home,,,,2027010303,,,202701030tam,,,,9,7,,,,,,,,,0,outdoors,grass,,,,,,,Sean McVay,Todd Bowles,,TAM00,Raymond James Stadium
2026_17_PIT_TEN,2026,REG,17,2027-01-03,Sunday,13:00,PIT,,TEN,,Home,,,,2027010306,,,202701030oti,,,,7,7,,,,,,,,,0,outdoors,grass,,,,,,,Mike McCarthy,Robert Saleh,,NAS00,Nissan Stadium
2026_17_LV_ARI,2026,REG,17,2027-01-03,Sunday,16:05,LV,,ARI,,Home,,,,2027010307,,,202701030crd,,,,7,7,,,,,,,,,0,,grass,,,,,,,Klint Kubliak,Jonathan Gannon,,PHO00,State Farm Stadium
2026_17_DET_CHI,2026,REG,17,2027-01-03,Sunday,16:25,DET,,CHI,,Home,,,,2027010308,,,202701030chi,,,,6,9,,,,,,,,,1,outdoors,grass,,,,,,,Dan Campbell,Ben Johnson,,CHI98,Soldier Field
2026_17_PHI_SF,2026,REG,17,2027-01-03,Sunday,20:20,PHI,,SF,,Home,,,,2027010309,,,202701030sfo,,,,10,7,,,,,,,,,0,outdoors,grass,,,,,,,Nick Sirianni,Kyle Shanahan,,SFO01,Levi's Stadium
2026_17_HOU_GB,2026,REG,17,2027-01-04,Monday,20:15,HOU,,GB,,Home,,,,2027010400,,,202701040gnb,,,,11,10,,,,,,,,,0,outdoors,grass,,,,,,,DeMeco Ryans,Matt LaFleur,,GNB00,Lambeau Field
2026_18_SF_ARI,2026,REG,18,2027-01-10,Sunday,13:00,SF,,ARI,,Home,,,,2027011000,,,202701100crd,,,,7,7,,,,,,,,,1,,grass,,,,,,,Kyle Shanahan,Jonathan Gannon,,PHO00,State Farm Stadium
2026_18_PIT_BAL,2026,REG,18,2027-01-10,Sunday,13:00,PIT,,BAL,,Home,,,,2027011001,,,202701100rav,,,,7,10,,,,,,,,,1,outdoors,grass,,,,,,,Mike McCarthy,Jesse Minter,,BAL00,M&T Bank Stadium
2026_18_NYJ_BUF,2026,REG,18,2027-01-10,Sunday,13:00,NYJ,,BUF,,Home,,,,2027011002,,,202701100buf,,,,7,7,,,,,,,,,1,outdoors,a_turf,,,,,,,Aaron Glenn,Sean McDermott,,BUF00,Highmark Stadium
2026_18_ATL_CAR,2026,REG,18,2027-01-10,Sunday,13:00,ATL,,CAR,,Home,,,,2027011003,,,202701100car,,,,7,7,,,,,,,,,1,outdoors,grass,,,,,,,Raheem Morris,Dave Canales,,CAR00,Bank of America Stadium
2026_18_CLE_CIN,2026,REG,18,2027-01-10,Sunday,13:00,CLE,,CIN,,Home,,,,2027011004,,,202701100cin,,,,7,10,,,,,,,,,1,outdoors,fieldturf,,,,,,,Todd Monken,Zac Taylor,,CIN00,Paycor Stadium
2026_18_LAC_DEN,2026,REG,18,2027-01-10,Sunday,13:00,LAC,,DEN,,Home,,,,2027011005,,,202701100den,,,,7,7,,,,,,,,,1,outdoors,grass,,,,,,,Jim Harbaugh,Sean Payton,,DEN00,Empower Field at Mile High
2026_18_DET_GB,2026,REG,18,2027-01-10,Sunday,13:00,DET,,GB,,Home,,,,2027011006,,,202701100gnb,,,,7,6,,,,,,,,,1,outdoors,grass,,,,,,,Dan Campbell,Matt LaFleur,,GNB00,Lambeau Field
2026_18_TEN_HOU,2026,REG,18,2027-01-10,Sunday,13:00,TEN,,HOU,,Home,,,,2027011007,,,202701100htx,,,,7,6,,,,,,,,,1,,astroturf,,,,,,,Robert Saleh,DeMeco Ryans,,HOU00,Reliant Stadium
2026_18_JAX_IND,2026,REG,18,2027-01-10,Sunday,13:00,JAX,,IND,,Home,,,,2027011008,,,202701100clt,,,,7,7,,,,,,,,,1,,fieldturf,,,,,,,Liam Coen,Shane Steichen,,IND00,Lucas Oil Stadium
2026_18_LV_KC,2026,REG,18,2027-01-10,Sunday,13:00,LV,,KC,,Home,,,,2027011009,,,202701100kan,,,,7,7,,,,,,,,,1,outdoors,grass,,,,,,,Klint Kubliak,Andy Reid,,KAN00,GEHA Field at Arrowhead Stadium
2026_18_SEA_LA,2026,REG,18,2027-01-10,Sunday,13:00,SEA,,LA,,Home,,,,2027011010,,,202701100ram,,,,7,7,,,,,,,,,1,dome,matrixturf,,,,,,,Mike Macdonald,Sean McVay,,LAX01,SoFi Stadium
2026_18_CHI_MIN,2026,REG,18,2027-01-10,Sunday,13:00,CHI,,MIN,,Home,,,,2027011011,,,202701100min,,,,7,7,,,,,,,,,1,dome,sportturf,,,,,,,Ben Johnson,Kevin O'Connell,,MIN01,U.S. Bank Stadium
2026_18_MIA_NE,2026,REG,18,2027-01-10,Sunday,13:00,MIA,,NE,,Home,,,,2027011012,,,202701100nwe,,,,7,7,,,,,,,,,1,outdoors,fieldturf,,,,,,,Jeff Hafley,Mike Vrabel,,BOS00,Gillette Stadium
2026_18_TB_NO,2026,REG,18,2027-01-10,Sunday,13:00,TB,,NO,,Home,,,,2027011013,,,202701100nor,,,,7,7,,,,,,,,,1,dome,sportturf,,,,,,,Todd Bowles,Kellen Moore,,NOR00,Caesars Superdome
2026_18_PHI_NYG,2026,REG,18,2027-01-10,Sunday,13:00,PHI,,NYG,,Home,,,,2027011014,,,202701100nyg,,,,7,7,,,,,,,,,1,outdoors,fieldturf,,,,,,,Nick Sirianni,John Harbaugh,,NYC01,MetLife Stadium
2026_18_DAL_WAS,2026,REG,18,2027-01-10,Sunday,13:00,DAL,,WAS,,Home,,,,2027011015,,,202701100was,,,,7,7,,,,,,,,,1,outdoors,grass,,,,,,,Brian Schottenheimer,Dan Quinn,,WAS00,Northwest Stadium
