season,week,game_id,gameday,home_team,away_team,home_score,away_score,home_point_diff,predicted_home_margin,absolute_error,predicted_margin_text,actual_margin_text,predicted_home_win_from_margin,actual_home_win,margin_direction_correct
2025,1,2025_01_DAL_PHI,2025-09-04,PHI,DAL,24.0,20.0,4.0,5.8,1.8,PHI by 5.8,PHI by 4.0,1,1,True
2025,1,2025_01_KC_LAC,2025-09-05,LAC,KC,27.0,21.0,6.0,-3.6,9.6,KC by 3.6,LAC by 6.0,0,1,False
2025,1,2025_01_TB_ATL,2025-09-07,ATL,TB,20.0,23.0,-3.0,-3.8,0.8,TB by 3.8,TB by 3.0,0,0,True
2025,1,2025_01_CIN_CLE,2025-09-07,CLE,CIN,16.0,17.0,-1.0,-4.1,3.1,CIN by 4.1,CIN by 1.0,0,0,True
2025,1,2025_01_MIA_IND,2025-09-07,IND,MIA,33.0,8.0,25.0,-1.2,26.2,MIA by 1.2,IND by 25.0,0,1,False
2025,1,2025_01_CAR_JAX,2025-09-07,JAX,CAR,26.0,10.0,16.0,2.8,13.2,JAX by 2.8,JAX by 16.0,1,1,True
2025,1,2025_01_LV_NE,2025-09-07,NE,LV,13.0,20.0,-7.0,0.3,7.3,NE by 0.3,LV by 7.0,1,0,False
2025,1,2025_01_ARI_NO,2025-09-07,NO,ARI,13.0,20.0,-7.0,2.7,9.7,NO by 2.7,ARI by 7.0,1,0,False
2025,1,2025_01_PIT_NYJ,2025-09-07,NYJ,PIT,32.0,34.0,-2.0,-4.1,2.1,PIT by 4.1,PIT by 2.0,0,0,True
2025,1,2025_01_NYG_WAS,2025-09-07,WAS,NYG,21.0,6.0,15.0,6.3,8.7,WAS by 6.3,WAS by 15.0,1,1,True
2025,1,2025_01_TEN_DEN,2025-09-07,DEN,TEN,20.0,12.0,8.0,4.7,3.3,DEN by 4.7,DEN by 8.0,1,1,True
2025,1,2025_01_SF_SEA,2025-09-07,SEA,SF,13.0,17.0,-4.0,0.5,4.5,SEA by 0.5,SF by 4.0,1,0,False
2025,1,2025_01_DET_GB,2025-09-07,GB,DET,27.0,13.0,14.0,-0.6,14.6,DET by 0.6,GB by 14.0,0,1,False
2025,1,2025_01_HOU_LA,2025-09-07,LA,HOU,14.0,9.0,5.0,4.5,0.5,LA by 4.5,LA by 5.0,1,1,True
2025,1,2025_01_BAL_BUF,2025-09-07,BUF,BAL,41.0,40.0,1.0,2.7,1.7,BUF by 2.7,BUF by 1.0,1,1,True
2025,1,2025_01_MIN_CHI,2025-09-08,CHI,MIN,24.0,27.0,-3.0,-4.1,1.1,MIN by 4.1,MIN by 3.0,0,0,True
2025,2,2025_02_WAS_GB,2025-09-11,GB,WAS,27.0,18.0,9.0,5.9,3.1,GB by 5.9,GB by 9.0,1,1,True
2025,2,2025_02_CLE_BAL,2025-09-14,BAL,CLE,41.0,17.0,24.0,7.2,16.8,BAL by 7.2,BAL by 24.0,1,1,True
2025,2,2025_02_JAX_CIN,2025-09-14,CIN,JAX,31.0,27.0,4.0,6.7,2.7,CIN by 6.7,CIN by 4.0,1,1,True
2025,2,2025_02_NYG_DAL,2025-09-14,DAL,NYG,40.0,37.0,3.0,11.4,8.4,DAL by 11.4,DAL by 3.0,1,1,True
2025,2,2025_02_CHI_DET,2025-09-14,DET,CHI,52.0,21.0,31.0,6.0,25.0,DET by 6.0,DET by 31.0,1,1,True
2025,2,2025_02_NE_MIA,2025-09-14,MIA,NE,27.0,33.0,-6.0,0.7,6.7,MIA by 0.7,NE by 6.0,1,0,False
2025,2,2025_02_SF_NO,2025-09-14,NO,SF,21.0,26.0,-5.0,-6.7,1.7,SF by 6.7,SF by 5.0,0,0,True
2025,2,2025_02_BUF_NYJ,2025-09-14,NYJ,BUF,10.0,30.0,-20.0,-1.8,18.2,BUF by 1.8,BUF by 20.0,0,0,True
2025,2,2025_02_SEA_PIT,2025-09-14,PIT,SEA,17.0,31.0,-14.0,4.2,18.2,PIT by 4.2,SEA by 14.0,1,0,False
2025,2,2025_02_LA_TEN,2025-09-14,TEN,LA,19.0,33.0,-14.0,-6.8,7.2,LA by 6.8,LA by 14.0,0,0,True
2025,2,2025_02_CAR_ARI,2025-09-14,ARI,CAR,27.0,22.0,5.0,12.3,7.3,ARI by 12.3,ARI by 5.0,1,1,True
2025,2,2025_02_DEN_IND,2025-09-14,IND,DEN,29.0,28.0,1.0,5.0,4.0,IND by 5.0,IND by 1.0,1,1,True
2025,2,2025_02_PHI_KC,2025-09-14,KC,PHI,17.0,20.0,-3.0,-1.1,1.9,PHI by 1.1,PHI by 3.0,0,0,True
2025,2,2025_02_ATL_MIN,2025-09-14,MIN,ATL,6.0,22.0,-16.0,11.3,27.3,MIN by 11.3,ATL by 16.0,1,0,False
2025,2,2025_02_TB_HOU,2025-09-15,HOU,TB,19.0,20.0,-1.0,-2.3,1.3,TB by 2.3,TB by 1.0,0,0,True
2025,2,2025_02_LAC_LV,2025-09-15,LV,LAC,9.0,20.0,-11.0,-5.0,6.0,LAC by 5.0,LAC by 11.0,0,0,True
2025,3,2025_03_MIA_BUF,2025-09-18,BUF,MIA,31.0,21.0,10.0,13.8,3.8,BUF by 13.8,BUF by 10.0,1,1,True
2025,3,2025_03_ATL_CAR,2025-09-21,CAR,ATL,30.0,0.0,30.0,-6.6,36.6,ATL by 6.6,CAR by 30.0,0,1,False
2025,3,2025_03_GB_CLE,2025-09-21,CLE,GB,13.0,10.0,3.0,-6.0,9.0,GB by 6.0,CLE by 3.0,0,1,False
2025,3,2025_03_HOU_JAX,2025-09-21,JAX,HOU,17.0,10.0,7.0,0.8,6.2,JAX by 0.8,JAX by 7.0,1,1,True
2025,3,2025_03_CIN_MIN,2025-09-21,MIN,CIN,48.0,10.0,38.0,0.2,37.8,MIN by 0.2,MIN by 38.0,1,1,True
2025,3,2025_03_PIT_NE,2025-09-21,NE,PIT,14.0,21.0,-7.0,-4.3,2.7,PIT by 4.3,PIT by 7.0,0,0,True
2025,3,2025_03_LA_PHI,2025-09-21,PHI,LA,33.0,26.0,7.0,1.9,5.1,PHI by 1.9,PHI by 7.0,1,1,True
2025,3,2025_03_NYJ_TB,2025-09-21,TB,NYJ,29.0,27.0,2.0,9.3,7.3,TB by 9.3,TB by 2.0,1,1,True
2025,3,2025_03_IND_TEN,2025-09-21,TEN,IND,20.0,41.0,-21.0,-7.0,14.0,IND by 7.0,IND by 21.0,0,0,True
2025,3,2025_03_LV_WAS,2025-09-21,WAS,LV,41.0,24.0,17.0,7.0,10.0,WAS by 7.0,WAS by 17.0,1,1,True
2025,3,2025_03_DEN_LAC,2025-09-21,LAC,DEN,23.0,20.0,3.0,3.4,0.4,LAC by 3.4,LAC by 3.0,1,1,True
2025,3,2025_03_NO_SEA,2025-09-21,SEA,NO,44.0,13.0,31.0,8.9,22.1,SEA by 8.9,SEA by 31.0,1,1,True
2025,3,2025_03_DAL_CHI,2025-09-21,CHI,DAL,31.0,14.0,17.0,-7.0,24.0,DAL by 7.0,CHI by 17.0,0,1,False
2025,3,2025_03_ARI_SF,2025-09-21,SF,ARI,16.0,15.0,1.0,5.0,4.0,SF by 5.0,SF by 1.0,1,1,True
2025,3,2025_03_KC_NYG,2025-09-21,NYG,KC,9.0,22.0,-13.0,3.0,16.0,NYG by 3.0,KC by 13.0,1,0,False
2025,3,2025_03_DET_BAL,2025-09-22,BAL,DET,30.0,38.0,-8.0,5.9,13.9,BAL by 5.9,DET by 8.0,1,0,False
2025,4,2025_04_SEA_ARI,2025-09-25,ARI,SEA,20.0,23.0,-3.0,-5.8,2.8,SEA by 5.8,SEA by 3.0,0,0,True
2025,4,2025_04_MIN_PIT,2025-09-28,PIT,MIN,24.0,21.0,3.0,-1.4,4.4,MIN by 1.4,PIT by 3.0,0,1,False
2025,4,2025_04_WAS_ATL,2025-09-28,ATL,WAS,34.0,27.0,7.0,-5.6,12.6,WAS by 5.6,ATL by 7.0,0,1,False
2025,4,2025_04_NO_BUF,2025-09-28,BUF,NO,31.0,19.0,12.0,13.8,1.8,BUF by 13.8,BUF by 12.0,1,1,True
2025,4,2025_04_CLE_DET,2025-09-28,DET,CLE,34.0,10.0,24.0,13.6,10.4,DET by 13.6,DET by 24.0,1,1,True
2025,4,2025_04_TEN_HOU,2025-09-28,HOU,TEN,26.0,0.0,26.0,7.4,18.6,HOU by 7.4,HOU by 26.0,1,1,True
2025,4,2025_04_CAR_NE,2025-09-28,NE,CAR,42.0,13.0,29.0,2.1,26.9,NE by 2.1,NE by 29.0,1,1,True
2025,4,2025_04_LAC_NYG,2025-09-28,NYG,LAC,21.0,18.0,3.0,-6.6,9.6,LAC by 6.6,NYG by 3.0,0,1,False
2025,4,2025_04_PHI_TB,2025-09-28,TB,PHI,25.0,31.0,-6.0,-3.7,2.3,PHI by 3.7,PHI by 6.0,0,0,True
2025,4,2025_04_IND_LA,2025-09-28,LA,IND,27.0,20.0,7.0,-0.1,7.1,IND by 0.1,LA by 7.0,0,1,False
2025,4,2025_04_JAX_SF,2025-09-28,SF,JAX,21.0,26.0,-5.0,5.7,10.7,SF by 5.7,JAX by 5.0,1,0,False
2025,4,2025_04_BAL_KC,2025-09-28,KC,BAL,37.0,20.0,17.0,4.4,12.6,KC by 4.4,KC by 17.0,1,1,True
2025,4,2025_04_CHI_LV,2025-09-28,LV,CHI,24.0,25.0,-1.0,1.5,2.5,LV by 1.5,CHI by 1.0,1,0,False
2025,4,2025_04_GB_DAL,2025-09-28,DAL,GB,40.0,40.0,0.0,0.1,0.1,DAL by 0.1,DAL by 0.0,1,0,False
2025,4,2025_04_NYJ_MIA,2025-09-29,MIA,NYJ,27.0,21.0,6.0,2.2,3.8,MIA by 2.2,MIA by 6.0,1,1,True
2025,4,2025_04_CIN_DEN,2025-09-29,DEN,CIN,28.0,3.0,25.0,-3.6,28.6,CIN by 3.6,DEN by 25.0,0,1,False
2025,5,2025_05_SF_LA,2025-10-02,LA,SF,23.0,26.0,-3.0,6.1,9.1,LA by 6.1,SF by 3.0,1,0,False
2025,5,2025_05_MIN_CLE,2025-10-05,CLE,MIN,17.0,21.0,-4.0,-7.3,3.3,MIN by 7.3,MIN by 4.0,0,0,True
2025,5,2025_05_HOU_BAL,2025-10-05,BAL,HOU,10.0,44.0,-34.0,6.8,40.8,BAL by 6.8,HOU by 34.0,1,0,False
2025,5,2025_05_MIA_CAR,2025-10-05,CAR,MIA,27.0,24.0,3.0,-3.2,6.2,MIA by 3.2,CAR by 3.0,0,1,False
2025,5,2025_05_LV_IND,2025-10-05,IND,LV,40.0,6.0,34.0,12.0,22.0,IND by 12.0,IND by 34.0,1,1,True
2025,5,2025_05_NYG_NO,2025-10-05,NO,NYG,26.0,14.0,12.0,-4.4,16.4,NYG by 4.4,NO by 12.0,0,1,False
2025,5,2025_05_DAL_NYJ,2025-10-05,NYJ,DAL,22.0,37.0,-15.0,-4.6,10.4,DAL by 4.6,DAL by 15.0,0,0,True
2025,5,2025_05_DEN_PHI,2025-10-05,PHI,DEN,17.0,21.0,-4.0,6.8,10.8,PHI by 6.8,DEN by 4.0,1,0,False
2025,5,2025_05_TEN_ARI,2025-10-05,ARI,TEN,21.0,22.0,-1.0,10.1,11.1,ARI by 10.1,TEN by 1.0,1,0,False
2025,5,2025_05_TB_SEA,2025-10-05,SEA,TB,35.0,38.0,-3.0,4.9,7.9,SEA by 4.9,TB by 3.0,1,0,False
2025,5,2025_05_DET_CIN,2025-10-05,CIN,DET,24.0,37.0,-13.0,-9.1,3.9,DET by 9.1,DET by 13.0,0,0,True
2025,5,2025_05_WAS_LAC,2025-10-05,LAC,WAS,10.0,27.0,-17.0,2.2,19.2,LAC by 2.2,WAS by 17.0,1,0,False
2025,5,2025_05_NE_BUF,2025-10-05,BUF,NE,20.0,23.0,-3.0,8.4,11.4,BUF by 8.4,NE by 3.0,1,0,False
2025,5,2025_05_KC_JAX,2025-10-06,JAX,KC,31.0,28.0,3.0,0.3,2.7,JAX by 0.3,JAX by 3.0,1,1,True
2025,6,2025_06_PHI_NYG,2025-10-09,NYG,PHI,34.0,17.0,17.0,-5.2,22.2,PHI by 5.2,NYG by 17.0,0,1,False
2025,6,2025_06_DEN_NYJ,2025-10-12,NYJ,DEN,11.0,13.0,-2.0,-6.1,4.1,DEN by 6.1,DEN by 2.0,0,0,True
2025,6,2025_06_LA_BAL,2025-10-12,BAL,LA,3.0,17.0,-14.0,-0.6,13.4,LA by 0.6,LA by 14.0,0,0,True
2025,6,2025_06_DAL_CAR,2025-10-12,CAR,DAL,30.0,27.0,3.0,-5.4,8.4,DAL by 5.4,CAR by 3.0,0,1,False
2025,6,2025_06_ARI_IND,2025-10-12,IND,ARI,31.0,27.0,4.0,12.2,8.2,IND by 12.2,IND by 4.0,1,1,True
2025,6,2025_06_SEA_JAX,2025-10-12,JAX,SEA,12.0,20.0,-8.0,-4.9,3.1,SEA by 4.9,SEA by 8.0,0,0,True
2025,6,2025_06_LAC_MIA,2025-10-12,MIA,LAC,27.0,29.0,-2.0,0.9,2.9,MIA by 0.9,LAC by 2.0,1,0,False
2025,6,2025_06_NE_NO,2025-10-12,NO,NE,19.0,25.0,-6.0,-2.2,3.8,NE by 2.2,NE by 6.0,0,0,True
2025,6,2025_06_CLE_PIT,2025-10-12,PIT,CLE,23.0,9.0,14.0,9.9,4.1,PIT by 9.9,PIT by 14.0,1,1,True
2025,6,2025_06_TEN_LV,2025-10-12,LV,TEN,20.0,10.0,10.0,4.1,5.9,LV by 4.1,LV by 10.0,1,1,True
2025,6,2025_06_CIN_GB,2025-10-12,GB,CIN,27.0,18.0,9.0,6.4,2.6,GB by 6.4,GB by 9.0,1,1,True
2025,6,2025_06_SF_TB,2025-10-12,TB,SF,30.0,19.0,11.0,3.7,7.3,TB by 3.7,TB by 11.0,1,1,True
2025,6,2025_06_DET_KC,2025-10-12,KC,DET,30.0,17.0,13.0,-1.1,14.1,DET by 1.1,KC by 13.0,0,1,False
2025,6,2025_06_BUF_ATL,2025-10-13,ATL,BUF,24.0,14.0,10.0,-6.2,16.2,BUF by 6.2,ATL by 10.0,0,1,False
2025,6,2025_06_CHI_WAS,2025-10-13,WAS,CHI,24.0,25.0,-1.0,7.6,8.6,WAS by 7.6,CHI by 1.0,1,0,False
2025,7,2025_07_PIT_CIN,2025-10-16,CIN,PIT,33.0,31.0,2.0,-4.1,6.1,PIT by 4.1,CIN by 2.0,0,1,False
2025,7,2025_07_LA_JAX,2025-10-19,JAX,LA,7.0,35.0,-28.0,-4.2,23.8,LA by 4.2,LA by 28.0,0,0,True
2025,7,2025_07_NO_CHI,2025-10-19,CHI,NO,26.0,14.0,12.0,6.3,5.7,CHI by 6.3,CHI by 12.0,1,1,True
2025,7,2025_07_MIA_CLE,2025-10-19,CLE,MIA,31.0,6.0,25.0,-2.4,27.4,MIA by 2.4,CLE by 25.0,0,1,False
2025,7,2025_07_LV_KC,2025-10-19,KC,LV,31.0,0.0,31.0,13.1,17.9,KC by 13.1,KC by 31.0,1,1,True
2025,7,2025_07_PHI_MIN,2025-10-19,MIN,PHI,22.0,28.0,-6.0,-3.2,2.8,PHI by 3.2,PHI by 6.0,0,0,True
2025,7,2025_07_CAR_NYJ,2025-10-19,NYJ,CAR,6.0,13.0,-7.0,-0.3,6.7,CAR by 0.3,CAR by 7.0,0,0,True
2025,7,2025_07_NE_TEN,2025-10-19,TEN,NE,13.0,31.0,-18.0,-4.9,13.1,NE by 4.9,NE by 18.0,0,0,True
2025,7,2025_07_NYG_DEN,2025-10-19,DEN,NYG,33.0,32.0,1.0,6.8,5.8,DEN by 6.8,DEN by 1.0,1,1,True
2025,7,2025_07_IND_LAC,2025-10-19,LAC,IND,24.0,38.0,-14.0,-1.0,13.0,IND by 1.0,IND by 14.0,0,0,True
2025,7,2025_07_GB_ARI,2025-10-19,ARI,GB,23.0,27.0,-4.0,-5.6,1.6,GB by 5.6,GB by 4.0,0,0,True
2025,7,2025_07_WAS_DAL,2025-10-19,DAL,WAS,44.0,22.0,22.0,2.8,19.2,DAL by 2.8,DAL by 22.0,1,1,True
2025,7,2025_07_ATL_SF,2025-10-19,SF,ATL,20.0,10.0,10.0,5.2,4.8,SF by 5.2,SF by 10.0,1,1,True
2025,7,2025_07_TB_DET,2025-10-20,DET,TB,24.0,9.0,15.0,4.3,10.7,DET by 4.3,DET by 15.0,1,1,True
2025,7,2025_07_HOU_SEA,2025-10-20,SEA,HOU,27.0,19.0,8.0,2.9,5.1,SEA by 2.9,SEA by 8.0,1,1,True
2025,8,2025_08_MIN_LAC,2025-10-23,LAC,MIN,37.0,10.0,27.0,-1.9,28.9,MIN by 1.9,LAC by 27.0,0,1,False
2025,8,2025_08_MIA_ATL,2025-10-26,ATL,MIA,10.0,34.0,-24.0,1.5,25.5,ATL by 1.5,MIA by 24.0,1,0,False
2025,8,2025_08_CHI_BAL,2025-10-26,BAL,CHI,30.0,16.0,14.0,5.1,8.9,BAL by 5.1,BAL by 14.0,1,1,True
2025,8,2025_08_BUF_CAR,2025-10-26,CAR,BUF,9.0,40.0,-31.0,-5.8,25.2,BUF by 5.8,BUF by 31.0,0,0,True
2025,8,2025_08_NYJ_CIN,2025-10-26,CIN,NYJ,38.0,39.0,-1.0,7.2,8.2,CIN by 7.2,NYJ by 1.0,1,0,False
2025,8,2025_08_SF_HOU,2025-10-26,HOU,SF,26.0,15.0,11.0,-3.8,14.8,SF by 3.8,HOU by 11.0,0,1,False
2025,8,2025_08_CLE_NE,2025-10-26,NE,CLE,32.0,13.0,19.0,6.1,12.9,NE by 6.1,NE by 19.0,1,1,True
2025,8,2025_08_NYG_PHI,2025-10-26,PHI,NYG,38.0,20.0,18.0,5.8,12.2,PHI by 5.8,PHI by 18.0,1,1,True
2025,8,2025_08_TB_NO,2025-10-26,NO,TB,3.0,23.0,-20.0,-6.1,13.9,TB by 6.1,TB by 20.0,0,0,True
2025,8,2025_08_DAL_DEN,2025-10-26,DEN,DAL,44.0,24.0,20.0,1.2,18.8,DEN by 1.2,DEN by 20.0,1,1,True
2025,8,2025_08_TEN_IND,2025-10-26,IND,TEN,38.0,14.0,24.0,13.1,10.9,IND by 13.1,IND by 24.0,1,1,True
2025,8,2025_08_GB_PIT,2025-10-26,PIT,GB,25.0,35.0,-10.0,-1.0,9.0,GB by 1.0,GB by 10.0,0,0,True
2025,8,2025_08_WAS_KC,2025-10-27,KC,WAS,28.0,7.0,21.0,8.5,12.5,KC by 8.5,KC by 21.0,1,1,True
2025,9,2025_09_BAL_MIA,2025-10-30,MIA,BAL,6.0,28.0,-22.0,-6.3,15.7,BAL by 6.3,BAL by 22.0,0,0,True
2025,9,2025_09_CHI_CIN,2025-11-02,CIN,CHI,42.0,47.0,-5.0,0.2,5.2,CIN by 0.2,CHI by 5.0,1,0,False
2025,9,2025_09_MIN_DET,2025-11-02,DET,MIN,24.0,27.0,-3.0,9.6,12.6,DET by 9.6,MIN by 3.0,1,0,False
2025,9,2025_09_CAR_GB,2025-11-02,GB,CAR,13.0,16.0,-3.0,11.7,14.7,GB by 11.7,CAR by 3.0,1,0,False
2025,9,2025_09_DEN_HOU,2025-11-02,HOU,DEN,15.0,18.0,-3.0,-0.7,2.3,DEN by 0.7,DEN by 3.0,0,0,True
2025,9,2025_09_ATL_NE,2025-11-02,NE,ATL,24.0,23.0,1.0,6.9,5.9,NE by 6.9,NE by 1.0,1,1,True
2025,9,2025_09_SF_NYG,2025-11-02,NYG,SF,24.0,34.0,-10.0,-4.9,5.1,SF by 4.9,SF by 10.0,0,0,True
2025,9,2025_09_IND_PIT,2025-11-02,PIT,IND,27.0,20.0,7.0,-1.3,8.3,IND by 1.3,PIT by 7.0,0,1,False
2025,9,2025_09_LAC_TEN,2025-11-02,TEN,LAC,20.0,27.0,-7.0,-7.1,0.1,LAC by 7.1,LAC by 7.0,0,0,True
2025,9,2025_09_NO_LA,2025-11-02,LA,NO,34.0,10.0,24.0,12.1,11.9,LA by 12.1,LA by 24.0,1,1,True
2025,9,2025_09_JAX_LV,2025-11-02,LV,JAX,29.0,30.0,-1.0,-1.8,0.8,JAX by 1.8,JAX by 1.0,0,0,True
2025,9,2025_09_KC_BUF,2025-11-02,BUF,KC,28.0,21.0,7.0,0.9,6.1,BUF by 0.9,BUF by 7.0,1,1,True
2025,9,2025_09_SEA_WAS,2025-11-02,WAS,SEA,14.0,38.0,-24.0,-4.8,19.2,SEA by 4.8,SEA by 24.0,0,0,True
2025,9,2025_09_ARI_DAL,2025-11-03,DAL,ARI,17.0,27.0,-10.0,7.1,17.1,DAL by 7.1,ARI by 10.0,1,0,False
2025,10,2025_10_LV_DEN,2025-11-06,DEN,LV,10.0,7.0,3.0,13.2,10.2,DEN by 13.2,DEN by 3.0,1,1,True
2025,10,2025_10_ATL_IND,2025-11-09,IND,ATL,31.0,25.0,6.0,11.8,5.8,IND by 11.8,IND by 6.0,1,1,True
2025,10,2025_10_NO_CAR,2025-11-09,CAR,NO,7.0,17.0,-10.0,3.9,13.9,CAR by 3.9,NO by 10.0,1,0,False
2025,10,2025_10_NYG_CHI,2025-11-09,CHI,NYG,24.0,20.0,4.0,7.2,3.2,CHI by 7.2,CHI by 4.0,1,1,True
2025,10,2025_10_JAX_HOU,2025-11-09,HOU,JAX,36.0,29.0,7.0,3.6,3.4,HOU by 3.6,HOU by 7.0,1,1,True
2025,10,2025_10_BUF_MIA,2025-11-09,MIA,BUF,30.0,13.0,17.0,-7.0,24.0,BUF by 7.0,MIA by 17.0,0,1,False
2025,10,2025_10_BAL_MIN,2025-11-09,MIN,BAL,19.0,27.0,-8.0,0.4,8.4,MIN by 0.4,BAL by 8.0,1,0,False
2025,10,2025_10_CLE_NYJ,2025-11-09,NYJ,CLE,27.0,20.0,7.0,1.4,5.6,NYJ by 1.4,NYJ by 7.0,1,1,True
2025,10,2025_10_NE_TB,2025-11-09,TB,NE,23.0,28.0,-5.0,0.6,5.6,TB by 0.6,NE by 5.0,1,0,False
2025,10,2025_10_ARI_SEA,2025-11-09,SEA,ARI,44.0,22.0,22.0,10.3,11.7,SEA by 10.3,SEA by 22.0,1,1,True
2025,10,2025_10_LA_SF,2025-11-09,SF,LA,26.0,42.0,-16.0,-2.2,13.8,LA by 2.2,LA by 16.0,0,0,True
2025,10,2025_10_DET_WAS,2025-11-09,WAS,DET,22.0,44.0,-22.0,-7.0,15.0,DET by 7.0,DET by 22.0,0,0,True
2025,10,2025_10_PIT_LAC,2025-11-09,LAC,PIT,25.0,10.0,15.0,0.9,14.1,LAC by 0.9,LAC by 15.0,1,1,True
2025,10,2025_10_PHI_GB,2025-11-10,GB,PHI,7.0,10.0,-3.0,-2.0,1.0,PHI by 2.0,PHI by 3.0,0,0,True
2025,11,2025_11_NYJ_NE,2025-11-13,NE,NYJ,27.0,14.0,13.0,8.7,4.3,NE by 8.7,NE by 13.0,1,1,True
2025,11,2025_11_WAS_MIA,2025-11-16,MIA,WAS,16.0,13.0,3.0,4.8,1.8,MIA by 4.8,MIA by 3.0,1,1,True
2025,11,2025_11_CAR_ATL,2025-11-16,ATL,CAR,27.0,30.0,-3.0,3.4,6.4,ATL by 3.4,CAR by 3.0,1,0,False
2025,11,2025_11_TB_BUF,2025-11-16,BUF,TB,44.0,32.0,12.0,7.5,4.5,BUF by 7.5,BUF by 12.0,1,1,True
2025,11,2025_11_LAC_JAX,2025-11-16,JAX,LAC,35.0,6.0,29.0,-5.7,34.7,LAC by 5.7,JAX by 29.0,0,1,False
2025,11,2025_11_CHI_MIN,2025-11-16,MIN,CHI,17.0,19.0,-2.0,0.8,2.8,MIN by 0.8,CHI by 2.0,1,0,False
2025,11,2025_11_GB_NYG,2025-11-16,NYG,GB,20.0,27.0,-7.0,-6.6,0.4,GB by 6.6,GB by 7.0,0,0,True
2025,11,2025_11_CIN_PIT,2025-11-16,PIT,CIN,34.0,12.0,22.0,2.6,19.4,PIT by 2.6,PIT by 22.0,1,1,True
2025,11,2025_11_HOU_TEN,2025-11-16,TEN,HOU,13.0,16.0,-3.0,-7.4,4.4,HOU by 7.4,HOU by 3.0,0,0,True
2025,11,2025_11_SF_ARI,2025-11-16,ARI,SF,22.0,41.0,-19.0,-3.2,15.8,SF by 3.2,SF by 19.0,0,0,True
2025,11,2025_11_SEA_LA,2025-11-16,LA,SEA,21.0,19.0,2.0,2.2,0.2,LA by 2.2,LA by 2.0,1,1,True
2025,11,2025_11_BAL_CLE,2025-11-16,CLE,BAL,16.0,23.0,-7.0,-5.9,1.1,BAL by 5.9,BAL by 7.0,0,0,True
2025,11,2025_11_KC_DEN,2025-11-16,DEN,KC,22.0,19.0,3.0,-4.7,7.7,KC by 4.7,DEN by 3.0,0,1,False
2025,11,2025_11_DET_PHI,2025-11-16,PHI,DET,16.0,9.0,7.0,1.4,5.6,PHI by 1.4,PHI by 7.0,1,1,True
2025,11,2025_11_DAL_LV,2025-11-17,LV,DAL,16.0,33.0,-17.0,-5.9,11.1,DAL by 5.9,DAL by 17.0,0,0,True
2025,12,2025_12_BUF_HOU,2025-11-20,HOU,BUF,23.0,19.0,4.0,-5.0,9.0,BUF by 5.0,HOU by 4.0,0,1,False
2025,12,2025_12_NYJ_BAL,2025-11-23,BAL,NYJ,23.0,10.0,13.0,7.4,5.6,BAL by 7.4,BAL by 13.0,1,1,True
2025,12,2025_12_PIT_CHI,2025-11-23,CHI,PIT,31.0,28.0,3.0,-2.5,5.5,PIT by 2.5,CHI by 3.0,0,1,False
2025,12,2025_12_NE_CIN,2025-11-23,CIN,NE,20.0,26.0,-6.0,-1.7,4.3,NE by 1.7,NE by 6.0,0,0,True
2025,12,2025_12_NYG_DET,2025-11-23,DET,NYG,34.0,27.0,7.0,12.0,5.0,DET by 12.0,DET by 7.0,1,1,True
2025,12,2025_12_MIN_GB,2025-11-23,GB,MIN,23.0,6.0,17.0,4.4,12.6,GB by 4.4,GB by 17.0,1,1,True
2025,12,2025_12_IND_KC,2025-11-23,KC,IND,23.0,20.0,3.0,5.5,2.5,KC by 5.5,KC by 3.0,1,1,True
2025,12,2025_12_SEA_TEN,2025-11-23,TEN,SEA,24.0,30.0,-6.0,-6.9,0.9,SEA by 6.9,SEA by 6.0,0,0,True
2025,12,2025_12_JAX_ARI,2025-11-23,ARI,JAX,24.0,27.0,-3.0,-1.0,2.0,JAX by 1.0,JAX by 3.0,0,0,True
2025,12,2025_12_CLE_LV,2025-11-23,LV,CLE,10.0,24.0,-14.0,-0.1,13.9,CLE by 0.1,CLE by 14.0,0,0,True
2025,12,2025_12_PHI_DAL,2025-11-23,DAL,PHI,24.0,21.0,3.0,-1.2,4.2,PHI by 1.2,DAL by 3.0,0,1,False
2025,12,2025_12_ATL_NO,2025-11-23,NO,ATL,10.0,24.0,-14.0,-1.1,12.9,ATL by 1.1,ATL by 14.0,0,0,True
2025,12,2025_12_TB_LA,2025-11-23,LA,TB,34.0,7.0,27.0,7.3,19.7,LA by 7.3,LA by 27.0,1,1,True
2025,12,2025_12_CAR_SF,2025-11-24,SF,CAR,20.0,9.0,11.0,8.5,2.5,SF by 8.5,SF by 11.0,1,1,True
2025,13,2025_13_GB_DET,2025-11-27,DET,GB,24.0,31.0,-7.0,5.6,12.6,DET by 5.6,GB by 7.0,1,0,False
2025,13,2025_13_KC_DAL,2025-11-27,DAL,KC,31.0,28.0,3.0,-3.5,6.5,KC by 3.5,DAL by 3.0,0,1,False
2025,13,2025_13_CIN_BAL,2025-11-27,BAL,CIN,14.0,32.0,-18.0,9.3,27.3,BAL by 9.3,CIN by 18.0,1,0,False
2025,13,2025_13_CHI_PHI,2025-11-28,PHI,CHI,15.0,24.0,-9.0,4.7,13.7,PHI by 4.7,CHI by 9.0,1,0,False
2025,13,2025_13_LA_CAR,2025-11-30,CAR,LA,31.0,28.0,3.0,-6.9,9.9,LA by 6.9,CAR by 3.0,0,1,False
2025,13,2025_13_SF_CLE,2025-11-30,CLE,SF,8.0,26.0,-18.0,-6.1,11.9,SF by 6.1,SF by 18.0,0,0,True
2025,13,2025_13_HOU_IND,2025-11-30,IND,HOU,16.0,20.0,-4.0,4.8,8.8,IND by 4.8,HOU by 4.0,1,0,False
2025,13,2025_13_NO_MIA,2025-11-30,MIA,NO,21.0,17.0,4.0,9.6,5.6,MIA by 9.6,MIA by 4.0,1,1,True
2025,13,2025_13_ATL_NYJ,2025-11-30,NYJ,ATL,27.0,24.0,3.0,-1.2,4.2,ATL by 1.2,NYJ by 3.0,0,1,False
2025,13,2025_13_ARI_TB,2025-11-30,TB,ARI,20.0,17.0,3.0,6.1,3.1,TB by 6.1,TB by 3.0,1,1,True
2025,13,2025_13_JAX_TEN,2025-11-30,TEN,JAX,3.0,25.0,-22.0,-6.5,15.5,JAX by 6.5,JAX by 22.0,0,0,True
2025,13,2025_13_MIN_SEA,2025-11-30,SEA,MIN,26.0,0.0,26.0,6.3,19.7,SEA by 6.3,SEA by 26.0,1,1,True
2025,13,2025_13_LV_LAC,2025-11-30,LAC,LV,31.0,14.0,17.0,11.1,5.9,LAC by 11.1,LAC by 17.0,1,1,True
2025,13,2025_13_BUF_PIT,2025-11-30,PIT,BUF,7.0,26.0,-19.0,-5.4,13.6,BUF by 5.4,BUF by 19.0,0,0,True
2025,13,2025_13_DEN_WAS,2025-11-30,WAS,DEN,26.0,27.0,-1.0,-6.9,5.9,DEN by 6.9,DEN by 1.0,0,0,True
2025,13,2025_13_NYG_NE,2025-12-01,NE,NYG,33.0,15.0,18.0,8.8,9.2,NE by 8.8,NE by 18.0,1,1,True
2025,14,2025_14_DAL_DET,2025-12-04,DET,DAL,44.0,30.0,14.0,5.1,8.9,DET by 5.1,DET by 14.0,1,1,True
2025,14,2025_14_SEA_ATL,2025-12-07,ATL,SEA,9.0,37.0,-28.0,-7.1,20.9,SEA by 7.1,SEA by 28.0,0,0,True
2025,14,2025_14_PIT_BAL,2025-12-07,BAL,PIT,22.0,27.0,-5.0,4.4,9.4,BAL by 4.4,PIT by 5.0,1,0,False
2025,14,2025_14_CIN_BUF,2025-12-07,BUF,CIN,39.0,34.0,5.0,11.3,6.3,BUF by 11.3,BUF by 5.0,1,1,True
2025,14,2025_14_TEN_CLE,2025-12-07,CLE,TEN,29.0,31.0,-2.0,7.2,9.2,CLE by 7.2,TEN by 2.0,1,0,False
2025,14,2025_14_IND_JAX,2025-12-07,JAX,IND,36.0,19.0,17.0,-1.8,18.8,IND by 1.8,JAX by 17.0,0,1,False
2025,14,2025_14_WAS_MIN,2025-12-07,MIN,WAS,31.0,0.0,31.0,1.8,29.2,MIN by 1.8,MIN by 31.0,1,1,True
2025,14,2025_14_MIA_NYJ,2025-12-07,NYJ,MIA,10.0,34.0,-24.0,-3.7,20.3,MIA by 3.7,MIA by 24.0,0,0,True
2025,14,2025_14_NO_TB,2025-12-07,TB,NO,20.0,24.0,-4.0,8.9,12.9,TB by 8.9,NO by 4.0,1,0,False
2025,14,2025_14_DEN_LV,2025-12-07,LV,DEN,17.0,24.0,-7.0,-7.3,0.3,DEN by 7.3,DEN by 7.0,0,0,True
2025,14,2025_14_LA_ARI,2025-12-07,ARI,LA,17.0,45.0,-28.0,-7.2,20.8,LA by 7.2,LA by 28.0,0,0,True
2025,14,2025_14_CHI_GB,2025-12-07,GB,CHI,28.0,21.0,7.0,5.5,1.5,GB by 5.5,GB by 7.0,1,1,True
2025,14,2025_14_HOU_KC,2025-12-07,KC,HOU,10.0,20.0,-10.0,5.2,15.2,KC by 5.2,HOU by 10.0,1,0,False
2025,14,2025_14_PHI_LAC,2025-12-08,LAC,PHI,22.0,19.0,3.0,-3.6,6.6,PHI by 3.6,LAC by 3.0,0,1,False
2025,15,2025_15_ATL_TB,2025-12-11,TB,ATL,28.0,29.0,-1.0,6.1,7.1,TB by 6.1,ATL by 1.0,1,0,False
2025,15,2025_15_CLE_CHI,2025-12-14,CHI,CLE,31.0,3.0,28.0,8.2,19.8,CHI by 8.2,CHI by 28.0,1,1,True
2025,15,2025_15_BAL_CIN,2025-12-14,CIN,BAL,0.0,24.0,-24.0,-4.7,19.3,BAL by 4.7,BAL by 24.0,0,0,True
2025,15,2025_15_ARI_HOU,2025-12-14,HOU,ARI,40.0,20.0,20.0,9.3,10.7,HOU by 9.3,HOU by 20.0,1,1,True
2025,15,2025_15_NYJ_JAX,2025-12-14,JAX,NYJ,48.0,20.0,28.0,10.5,17.5,JAX by 10.5,JAX by 28.0,1,1,True
2025,15,2025_15_LAC_KC,2025-12-14,KC,LAC,13.0,16.0,-3.0,5.6,8.6,KC by 5.6,LAC by 3.0,1,0,False
2025,15,2025_15_BUF_NE,2025-12-14,NE,BUF,31.0,35.0,-4.0,-3.6,0.4,BUF by 3.6,BUF by 4.0,0,0,True
2025,15,2025_15_WAS_NYG,2025-12-14,NYG,WAS,21.0,29.0,-8.0,-2.6,5.4,WAS by 2.6,WAS by 8.0,0,0,True
2025,15,2025_15_LV_PHI,2025-12-14,PHI,LV,31.0,0.0,31.0,10.2,20.8,PHI by 10.2,PHI by 31.0,1,1,True
2025,15,2025_15_GB_DEN,2025-12-14,DEN,GB,34.0,26.0,8.0,-0.6,8.6,GB by 0.6,DEN by 8.0,0,1,False
2025,15,2025_15_DET_LA,2025-12-14,LA,DET,41.0,34.0,7.0,2.3,4.7,LA by 2.3,LA by 7.0,1,1,True
2025,15,2025_15_CAR_NO,2025-12-14,NO,CAR,20.0,17.0,3.0,0.0,3.0,NO by 0.0,NO by 3.0,0,1,False
2025,15,2025_15_IND_SEA,2025-12-14,SEA,IND,18.0,16.0,2.0,9.1,7.1,SEA by 9.1,SEA by 2.0,1,1,True
2025,15,2025_15_TEN_SF,2025-12-14,SF,TEN,37.0,24.0,13.0,10.3,2.7,SF by 10.3,SF by 13.0,1,1,True
2025,15,2025_15_MIN_DAL,2025-12-14,DAL,MIN,26.0,34.0,-8.0,5.3,13.3,DAL by 5.3,MIN by 8.0,1,0,False
2025,15,2025_15_MIA_PIT,2025-12-15,PIT,MIA,28.0,15.0,13.0,1.2,11.8,PIT by 1.2,PIT by 13.0,1,1,True
2025,16,2025_16_LA_SEA,2025-12-18,SEA,LA,38.0,37.0,1.0,0.9,0.1,SEA by 0.9,SEA by 1.0,1,1,True
2025,16,2025_16_PHI_WAS,2025-12-20,WAS,PHI,18.0,29.0,-11.0,-6.4,4.6,PHI by 6.4,PHI by 11.0,0,0,True
2025,16,2025_16_GB_CHI,2025-12-20,CHI,GB,22.0,16.0,6.0,-2.3,8.3,GB by 2.3,CHI by 6.0,0,1,False
2025,16,2025_16_TB_CAR,2025-12-21,CAR,TB,23.0,20.0,3.0,-4.2,7.2,TB by 4.2,CAR by 3.0,0,1,False
2025,16,2025_16_BUF_CLE,2025-12-21,CLE,BUF,20.0,23.0,-3.0,-5.0,2.0,BUF by 5.0,BUF by 3.0,0,0,True
2025,16,2025_16_LAC_DAL,2025-12-21,DAL,LAC,17.0,34.0,-17.0,1.7,18.7,DAL by 1.7,LAC by 17.0,1,0,False
2025,16,2025_16_CIN_MIA,2025-12-21,MIA,CIN,21.0,45.0,-24.0,1.1,25.1,MIA by 1.1,CIN by 24.0,1,0,False
2025,16,2025_16_NYJ_NO,2025-12-21,NO,NYJ,29.0,6.0,23.0,3.7,19.3,NO by 3.7,NO by 23.0,1,1,True
2025,16,2025_16_MIN_NYG,2025-12-21,NYG,MIN,13.0,16.0,-3.0,-4.9,1.9,MIN by 4.9,MIN by 3.0,0,0,True
2025,16,2025_16_KC_TEN,2025-12-21,TEN,KC,26.0,9.0,17.0,-4.8,21.8,KC by 4.8,TEN by 17.0,0,1,False
2025,16,2025_16_ATL_ARI,2025-12-21,ARI,ATL,19.0,26.0,-7.0,-0.0,7.0,ARI by 0.0,ATL by 7.0,0,0,True
2025,16,2025_16_JAX_DEN,2025-12-21,DEN,JAX,20.0,34.0,-14.0,2.5,16.5,DEN by 2.5,JAX by 14.0,1,0,False
2025,16,2025_16_PIT_DET,2025-12-21,DET,PIT,24.0,29.0,-5.0,6.1,11.1,DET by 6.1,PIT by 5.0,1,0,False
2025,16,2025_16_LV_HOU,2025-12-21,HOU,LV,23.0,21.0,2.0,12.6,10.6,HOU by 12.6,HOU by 2.0,1,1,True
2025,16,2025_16_NE_BAL,2025-12-21,BAL,NE,24.0,28.0,-4.0,0.8,4.8,BAL by 0.8,NE by 4.0,1,0,False
2025,16,2025_16_SF_IND,2025-12-22,IND,SF,27.0,48.0,-21.0,1.4,22.4,IND by 1.4,SF by 21.0,1,0,False
2025,17,2025_17_DAL_WAS,2025-12-25,WAS,DAL,23.0,30.0,-7.0,-2.2,4.8,DAL by 2.2,DAL by 7.0,0,0,True
2025,17,2025_17_DET_MIN,2025-12-25,MIN,DET,23.0,10.0,13.0,-1.3,14.3,DET by 1.3,MIN by 13.0,0,1,False
2025,17,2025_17_DEN_KC,2025-12-25,KC,DEN,13.0,20.0,-7.0,2.4,9.4,KC by 2.4,DEN by 7.0,1,0,False
2025,17,2025_17_HOU_LAC,2025-12-27,LAC,HOU,16.0,20.0,-4.0,1.8,5.8,LAC by 1.8,HOU by 4.0,1,0,False
2025,17,2025_17_BAL_GB,2025-12-27,GB,BAL,24.0,41.0,-17.0,2.2,19.2,GB by 2.2,BAL by 17.0,1,0,False
2025,17,2025_17_SEA_CAR,2025-12-28,CAR,SEA,10.0,27.0,-17.0,-7.1,9.9,SEA by 7.1,SEA by 17.0,0,0,True
2025,17,2025_17_ARI_CIN,2025-12-28,CIN,ARI,37.0,14.0,23.0,7.0,16.0,CIN by 7.0,CIN by 23.0,1,1,True
2025,17,2025_17_PIT_CLE,2025-12-28,CLE,PIT,13.0,6.0,7.0,-6.6,13.6,PIT by 6.6,CLE by 7.0,0,1,False
2025,17,2025_17_JAX_IND,2025-12-28,IND,JAX,17.0,23.0,-6.0,0.2,6.2,IND by 0.2,JAX by 6.0,1,0,False
2025,17,2025_17_TB_MIA,2025-12-28,MIA,TB,20.0,17.0,3.0,0.3,2.7,MIA by 0.3,MIA by 3.0,1,1,True
2025,17,2025_17_NE_NYJ,2025-12-28,NYJ,NE,10.0,42.0,-32.0,-8.4,23.6,NE by 8.4,NE by 32.0,0,0,True
2025,17,2025_17_NO_TEN,2025-12-28,TEN,NO,26.0,34.0,-8.0,-3.9,4.1,NO by 3.9,NO by 8.0,0,0,True
2025,17,2025_17_NYG_LV,2025-12-28,LV,NYG,10.0,34.0,-24.0,0.3,24.3,LV by 0.3,NYG by 24.0,1,0,False
2025,17,2025_17_PHI_BUF,2025-12-28,BUF,PHI,12.0,13.0,-1.0,4.4,5.4,BUF by 4.4,PHI by 1.0,1,0,False
2025,17,2025_17_CHI_SF,2025-12-28,SF,CHI,42.0,38.0,4.0,7.6,3.6,SF by 7.6,SF by 4.0,1,1,True
2025,17,2025_17_LA_ATL,2025-12-29,ATL,LA,27.0,24.0,3.0,-7.1,10.1,LA by 7.1,ATL by 3.0,0,1,False
2025,18,2025_18_CAR_TB,2026-01-03,TB,CAR,16.0,14.0,2.0,6.1,4.1,TB by 6.1,TB by 2.0,1,1,True
2025,18,2025_18_SEA_SF,2026-01-03,SF,SEA,3.0,13.0,-10.0,0.1,10.1,SF by 0.1,SEA by 10.0,1,0,False
2025,18,2025_18_NO_ATL,2026-01-04,ATL,NO,19.0,17.0,2.0,2.8,0.8,ATL by 2.8,ATL by 2.0,1,1,True
2025,18,2025_18_CLE_CIN,2026-01-04,CIN,CLE,18.0,20.0,-2.0,8.6,10.6,CIN by 8.6,CLE by 2.0,1,0,False
2025,18,2025_18_IND_HOU,2026-01-04,HOU,IND,38.0,30.0,8.0,6.8,1.2,HOU by 6.8,HOU by 8.0,1,1,True
2025,18,2025_18_TEN_JAX,2026-01-04,JAX,TEN,41.0,7.0,34.0,12.8,21.2,JAX by 12.8,JAX by 34.0,1,1,True
2025,18,2025_18_GB_MIN,2026-01-04,MIN,GB,16.0,3.0,13.0,0.7,12.3,MIN by 0.7,MIN by 13.0,1,1,True
2025,18,2025_18_DAL_NYG,2026-01-04,NYG,DAL,34.0,17.0,17.0,-5.7,22.7,DAL by 5.7,NYG by 17.0,0,1,False
2025,18,2025_18_NYJ_BUF,2026-01-04,BUF,NYJ,35.0,8.0,27.0,12.0,15.0,BUF by 12.0,BUF by 27.0,1,1,True
2025,18,2025_18_DET_CHI,2026-01-04,CHI,DET,16.0,19.0,-3.0,-5.9,2.9,DET by 5.9,DET by 3.0,0,0,True
2025,18,2025_18_LAC_DEN,2026-01-04,DEN,LAC,19.0,3.0,16.0,2.7,13.3,DEN by 2.7,DEN by 16.0,1,1,True
2025,18,2025_18_ARI_LA,2026-01-04,LA,ARI,37.0,20.0,17.0,12.5,4.5,LA by 12.5,LA by 17.0,1,1,True
2025,18,2025_18_KC_LV,2026-01-04,LV,KC,14.0,12.0,2.0,-5.4,7.4,KC by 5.4,LV by 2.0,0,1,False
2025,18,2025_18_MIA_NE,2026-01-04,NE,MIA,38.0,10.0,28.0,6.4,21.6,NE by 6.4,NE by 28.0,1,1,True
2025,18,2025_18_WAS_PHI,2026-01-04,PHI,WAS,17.0,24.0,-7.0,9.0,16.0,PHI by 9.0,WAS by 7.0,1,0,False
2025,18,2025_18_BAL_PIT,2026-01-04,PIT,BAL,26.0,24.0,2.0,-1.2,3.2,BAL by 1.2,PIT by 2.0,0,1,False
2025,19,2025_19_LA_CAR,2026-01-10,CAR,LA,31.0,34.0,-3.0,-7.4,4.4,LA by 7.4,LA by 3.0,0,0,True
2025,19,2025_19_GB_CHI,2026-01-10,CHI,GB,31.0,27.0,4.0,-0.3,4.3,GB by 0.3,CHI by 4.0,0,1,False
2025,19,2025_19_BUF_JAX,2026-01-11,JAX,BUF,24.0,27.0,-3.0,-4.8,1.8,BUF by 4.8,BUF by 3.0,0,0,True
2025,19,2025_19_SF_PHI,2026-01-11,PHI,SF,19.0,23.0,-4.0,2.8,6.8,PHI by 2.8,SF by 4.0,1,0,False
2025,19,2025_19_LAC_NE,2026-01-11,NE,LAC,16.0,3.0,13.0,4.3,8.7,NE by 4.3,NE by 13.0,1,1,True
2025,19,2025_19_HOU_PIT,2026-01-12,PIT,HOU,6.0,30.0,-24.0,0.0,24.0,PIT by 0.0,HOU by 24.0,0,0,True
2025,20,2025_20_BUF_DEN,2026-01-17,DEN,BUF,33.0,30.0,3.0,-4.1,7.1,BUF by 4.1,DEN by 3.0,0,1,False
2025,20,2025_20_SF_SEA,2026-01-17,SEA,SF,41.0,6.0,35.0,4.7,30.3,SEA by 4.7,SEA by 35.0,1,1,True
2025,20,2025_20_HOU_NE,2026-01-18,NE,HOU,28.0,16.0,12.0,2.9,9.1,NE by 2.9,NE by 12.0,1,1,True
2025,20,2025_20_LA_CHI,2026-01-18,CHI,LA,17.0,20.0,-3.0,-6.1,3.1,LA by 6.1,LA by 3.0,0,0,True
2025,21,2025_21_NE_DEN,2026-01-25,DEN,NE,7.0,10.0,-3.0,0.2,3.2,DEN by 0.2,NE by 3.0,1,0,False
2025,21,2025_21_LA_SEA,2026-01-25,SEA,LA,31.0,27.0,4.0,3.9,0.1,SEA by 3.9,SEA by 4.0,1,1,True
2025,22,2025_22_SEA_NE,2026-02-08,NE,SEA,13.0,29.0,-16.0,-3.7,12.3,SEA by 3.7,SEA by 16.0,0,0,True
